# MagicaVoxel @ Ephtracy

# group
o 

# material
mtllib seagull.mtl
usemtl palette

# normals
vn -1 0 0
vn 1 0 0
vn 0 0 1
vn 0 0 -1
vn 0 -1 0
vn 0 1 0

# texcoords
vt 0.0292969 0.5
vt 0.0410156 0.5
vt 0.0449219 0.5
vt 0.0683594 0.5
vt 0.755859 0.5
vt 0.962891 0.5
vt 0.966797 0.5
vt 0.978516 0.5
vt 0.990234 0.5
vt 0.994141 0.5

# verts
v -0.7 1.6 0
v -0.7 1.6 -0.2
v -0.7 1.7 0.1
v -0.7 1.7 0
v -0.7 1.7 -0.1
v -0.7 1.7 -0.2
v -0.7 1.8 0.2
v -0.7 1.8 0.1
v -0.7 1.9 0.2
v -0.7 1.9 0.1
v -0.7 2 0.2
v -0.7 2 0.1
v -0.7 2 0
v -0.7 2 -0.1
v -0.7 2.2 0.2
v -0.7 2.2 0
v -0.6 0 0.4
v -0.6 0 0.2
v -0.6 0.1 0.4
v -0.6 0.1 0.2
v -0.6 0.7 0.2
v -0.6 0.7 -0.1
v -0.6 0.8 0.3
v -0.6 0.8 0.2
v -0.6 0.9 -0.1
v -0.6 0.9 -0.3
v -0.6 1.2 -0.2
v -0.6 1.2 -0.3
v -0.6 1.3 0.4
v -0.6 1.3 0.3
v -0.6 1.3 -0.1
v -0.6 1.3 -0.2
v -0.6 1.4 0.4
v -0.6 1.4 0.3
v -0.6 1.5 0.3
v -0.6 1.5 0.2
v -0.6 1.6 0.3
v -0.6 1.6 0.2
v -0.6 1.6 0
v -0.6 1.6 -0.1
v -0.6 1.7 0.1
v -0.6 1.7 0
v -0.6 1.7 -0.1
v -0.6 1.7 -0.2
v -0.6 1.7 -0.3
v -0.6 1.8 0.7
v -0.6 1.8 0.5
v -0.6 1.8 0.4
v -0.6 1.8 0.3
v -0.6 1.8 0.2
v -0.6 1.8 0.1
v -0.6 1.8 -0.1
v -0.6 1.8 -0.2
v -0.6 1.9 0.7
v -0.6 1.9 0.5
v -0.6 1.9 0.4
v -0.6 1.9 0.2
v -0.6 1.9 0.1
v -0.6 1.9 -0.2
v -0.6 1.9 -0.3
v -0.6 2 0.8
v -0.6 2 0.6
v -0.6 2 0.2
v -0.6 2 0.1
v -0.6 2 0
v -0.6 2 -0.1
v -0.6 2.1 0.5
v -0.6 2.1 0.4
v -0.6 2.1 0
v -0.6 2.1 -0.1
v -0.6 2.2 0.8
v -0.6 2.2 0.6
v -0.6 2.2 0.4
v -0.6 2.2 0.2
v -0.6 2.2 0.1
v -0.6 2.3 0.2
v -0.6 2.3 0.1
v -0.5 0 0.2
v -0.5 0 0.1
v -0.5 0.1 0.2
v -0.5 0.1 0.1
v -0.5 0.1 0
v -0.5 0.2 0.2
v -0.5 0.2 0.1
v -0.5 0.5 0.2
v -0.5 0.5 0.1
v -0.5 0.6 0.2
v -0.5 0.6 0.1
v -0.5 0.7 0.1
v -0.5 0.7 0
v -0.5 0.8 -0.1
v -0.5 0.8 -0.2
v -0.5 0.9 -0.1
v -0.5 0.9 -0.2
v -0.5 1 -0.3
v -0.5 1 -0.7
v -0.5 1 -0.8
v -0.5 1 -1.1
v -0.5 1.1 -0.9
v -0.5 1.1 -1.1
v -0.5 1.1 -1.3
v -0.5 1.2 0.5
v -0.5 1.2 0.3
v -0.5 1.2 -0.2
v -0.5 1.2 -0.3
v -0.5 1.2 -0.5
v -0.5 1.2 -0.6
v -0.5 1.2 -0.7
v -0.5 1.2 -0.8
v -0.5 1.2 -0.9
v -0.5 1.2 -1.1
v -0.5 1.2 -1.3
v -0.5 1.3 0.4
v -0.5 1.3 0.3
v -0.5 1.3 -0.1
v -0.5 1.3 -0.2
v -0.5 1.3 -0.5
v -0.5 1.3 -0.6
v -0.5 1.3 -0.8
v -0.5 1.4 0.4
v -0.5 1.4 0.3
v -0.5 1.4 -0.1
v -0.5 1.4 -0.2
v -0.5 1.5 0.5
v -0.5 1.5 0.4
v -0.5 1.5 0.3
v -0.5 1.5 0.2
v -0.5 1.6 0.6
v -0.5 1.6 0.4
v -0.5 1.6 0.3
v -0.5 1.6 0.2
v -0.5 1.6 -0.2
v -0.5 1.6 -0.3
v -0.5 1.7 0.7
v -0.5 1.7 0.6
v -0.5 1.7 0.5
v -0.5 1.7 0.4
v -0.5 1.7 -0.2
v -0.5 1.7 -0.3
v -0.5 1.8 0.7
v -0.5 1.8 0.5
v -0.5 1.8 0.4
v -0.5 1.8 0.3
v -0.5 1.8 -0.1
v -0.5 1.8 -0.2
v -0.5 1.9 0.8
v -0.5 1.9 0.7
v -0.5 1.9 0.5
v -0.5 1.9 0.4
v -0.5 1.9 -0.2
v -0.5 2 0.9
v -0.5 2 0.8
v -0.5 2 0.7
v -0.5 2 0.6
v -0.5 2 -0.1
v -0.5 2 -0.2
v -0.5 2.1 0.9
v -0.5 2.1 0.8
v -0.5 2.1 0.5
v -0.5 2.1 0.4
v -0.5 2.1 0
v -0.5 2.1 -0.1
v -0.5 2.2 0.7
v -0.5 2.2 0.6
v -0.5 2.2 0.4
v -0.5 2.2 0.2
v -0.5 2.2 0.1
v -0.5 2.2 0
v -0.5 2.2 -0.1
v -0.5 2.3 0.7
v -0.5 2.3 0.6
v -0.5 2.3 0.5
v -0.5 2.3 0.3
v -0.5 2.3 0.2
v -0.5 2.3 0.1
v -0.5 2.3 0
v -0.5 2.4 0.6
v -0.5 2.4 0.5
v -0.5 2.4 0.3
v -0.5 2.4 0.2
v -0.5 2.4 0.1
v -0.5 2.5 0.3
v -0.5 2.5 0.2
v -0.5 2.6 1.3
v -0.5 2.6 1
v -0.5 2.7 1.3
v -0.5 2.7 1
v -0.4 0.7 -0.1
v -0.4 0.7 -0.2
v -0.4 0.8 -0.1
v -0.4 0.8 -0.2
v -0.4 0.9 -0.3
v -0.4 0.9 -0.5
v -0.4 0.9 -1.2
v -0.4 0.9 -1.3
v -0.4 1 -0.3
v -0.4 1 -0.5
v -0.4 1 -1.2
v -0.4 1 -1.3
v -0.4 1 -1.5
v -0.4 1.1 -0.9
v -0.4 1.1 -1.1
v -0.4 1.1 -1.3
v -0.4 1.1 -1.4
v -0.4 1.1 -1.5
v -0.4 1.2 -0.5
v -0.4 1.2 -0.6
v -0.4 1.2 -0.8
v -0.4 1.2 -0.9
v -0.4 1.2 -1
v -0.4 1.2 -1.1
v -0.4 1.2 -1.3
v -0.4 1.2 -1.4
v -0.4 1.3 0.2
v -0.4 1.3 0.1
v -0.4 1.3 -0.2
v -0.4 1.3 -0.5
v -0.4 1.3 -0.6
v -0.4 1.3 -0.8
v -0.4 1.3 -1
v -0.4 1.4 0.2
v -0.4 1.4 0.1
v -0.4 1.4 -0.1
v -0.4 1.4 -0.2
v -0.4 1.4 -0.7
v -0.4 1.4 -0.8
v -0.4 1.5 0.5
v -0.4 1.5 0.4
v -0.4 1.5 -0.5
v -0.4 1.5 -0.7
v -0.4 1.6 0.7
v -0.4 1.6 0.6
v -0.4 1.6 0.5
v -0.4 1.6 0.4
v -0.4 1.6 -0.1
v -0.4 1.6 -0.3
v -0.4 1.7 0.8
v -0.4 1.7 0.7
v -0.4 1.7 0.6
v -0.4 1.7 -0.3
v -0.4 1.7 -0.5
v -0.4 1.9 0.9
v -0.4 1.9 0.8
v -0.4 1.9 0.7
v -0.4 1.9 -0.2
v -0.4 1.9 -0.3
v -0.4 2 1
v -0.4 2 0.9
v -0.4 2 0.8
v -0.4 2 -0.2
v -0.4 2 -0.3
v -0.4 2.1 0.9
v -0.4 2.1 0.8
v -0.4 2.2 1
v -0.4 2.2 0.9
v -0.4 2.2 0.8
v -0.4 2.2 0.7
v -0.4 2.3 0.9
v -0.4 2.3 0.7
v -0.4 2.3 0.3
v -0.4 2.3 0.2
v -0.4 2.4 0.5
v -0.4 2.4 0.3
v -0.4 2.4 0.2
v -0.4 2.4 0.1
v -0.4 2.5 1.2
v -0.4 2.5 1.1
v -0.4 2.5 0.5
v -0.4 2.5 0.3
v -0.4 2.5 0.2
v -0.4 2.5 0.1
v -0.4 2.6 1.4
v -0.4 2.6 1.3
v -0.4 2.6 1.2
v -0.4 2.6 1.1
v -0.4 2.7 1.4
v -0.4 2.7 1.3
v -0.4 2.7 1.2
v -0.4 2.7 1.1
v -0.4 2.7 1
v -0.4 2.8 1.3
v -0.4 2.8 1.2
v -0.4 2.8 1.1
v -0.4 2.8 1
v -0.4 2.9 1.3
v -0.4 2.9 1.2
v -0.4 2.9 1.1
v -0.4 2.9 1
v -0.3 0.9 -0.5
v -0.3 0.9 -1.1
v -0.3 0.9 -1.3
v -0.3 0.9 -1.4
v -0.3 1 -0.5
v -0.3 1 -1
v -0.3 1 -1.1
v -0.3 1 -1.2
v -0.3 1 -1.3
v -0.3 1 -1.4
v -0.3 1.1 0.4
v -0.3 1.1 0.3
v -0.3 1.1 -0.8
v -0.3 1.1 -0.9
v -0.3 1.1 -1.1
v -0.3 1.1 -1.3
v -0.3 1.2 0.4
v -0.3 1.2 0.3
v -0.3 1.2 -0.8
v -0.3 1.2 -0.9
v -0.3 1.2 -1
v -0.3 1.2 -1.2
v -0.3 1.3 0.6
v -0.3 1.3 0.5
v -0.3 1.3 -0.8
v -0.3 1.3 -1
v -0.3 1.3 -1.2
v -0.3 1.4 -0.7
v -0.3 1.4 -0.8
v -0.3 1.4 -0.9
v -0.3 1.4 -1
v -0.3 1.5 0.7
v -0.3 1.5 0.6
v -0.3 1.5 -0.5
v -0.3 1.5 -0.7
v -0.3 1.5 -0.8
v -0.3 1.5 -0.9
v -0.3 1.6 0.7
v -0.3 1.6 0.6
v -0.3 1.6 0.5
v -0.3 1.6 -0.7
v -0.3 1.6 -0.8
v -0.3 1.7 0.9
v -0.3 1.7 0.8
v -0.3 1.7 -0.1
v -0.3 1.7 -0.2
v -0.3 1.7 -0.3
v -0.3 1.7 -0.5
v -0.3 1.7 -0.7
v -0.3 1.8 1
v -0.3 1.8 0.9
v -0.3 1.8 -0.1
v -0.3 1.8 -0.2
v -0.3 1.8 -0.3
v -0.3 1.8 -0.5
v -0.3 1.9 1.1
v -0.3 1.9 1
v -0.3 1.9 0.9
v -0.3 1.9 0.8
v -0.3 2 1
v -0.3 2 0.9
v -0.3 2 -0.1
v -0.3 2 -0.2
v -0.3 2.1 -0.1
v -0.3 2.1 -0.2
v -0.3 2.2 1.1
v -0.3 2.2 1
v -0.3 2.2 0.1
v -0.3 2.2 0
v -0.3 2.3 0.7
v -0.3 2.3 0.6
v -0.3 2.3 0.1
v -0.3 2.4 0.7
v -0.3 2.4 0.6
v -0.3 2.4 0.5
v -0.3 2.4 0.1
v -0.3 2.4 0
v -0.3 2.5 1.1
v -0.3 2.5 1
v -0.3 2.5 0.9
v -0.3 2.5 0.7
v -0.3 2.5 0.6
v -0.3 2.5 0.5
v -0.3 2.5 0.2
v -0.3 2.5 0.1
v -0.3 2.5 0
v -0.3 2.6 1.1
v -0.3 2.6 1
v -0.3 2.6 0.9
v -0.3 2.6 0.3
v -0.3 2.6 0.2
v -0.3 2.7 1
v -0.3 2.7 0.9
v -0.3 2.7 0.4
v -0.3 2.7 0.3
v -0.3 2.8 1
v -0.3 2.8 0.9
v -0.3 2.8 0.7
v -0.3 2.8 0.6
v -0.3 2.9 0.6
v -0.3 2.9 0.4
v -0.2 0.9 -1.4
v -0.2 0.9 -1.7
v -0.2 1 0.4
v -0.2 1 0.3
v -0.2 1 -1.4
v -0.2 1 -1.5
v -0.2 1.1 0.4
v -0.2 1.1 0.3
v -0.2 1.1 -1.4
v -0.2 1.1 -1.5
v -0.2 1.1 -1.6
v -0.2 1.1 -1.7
v -0.2 1.2 -0.1
v -0.2 1.2 -0.2
v -0.2 1.2 -1.2
v -0.2 1.2 -1.4
v -0.2 1.2 -1.6
v -0.2 1.3 0.1
v -0.2 1.3 0
v -0.2 1.3 -0.1
v -0.2 1.3 -0.2
v -0.2 1.3 -1
v -0.2 1.3 -1.2
v -0.2 1.3 -1.4
v -0.2 1.4 0.7
v -0.2 1.4 0.6
v -0.2 1.4 -0.9
v -0.2 1.4 -1
v -0.2 1.4 -1.1
v -0.2 1.4 -1.2
v -0.2 1.5 0.7
v -0.2 1.5 0.6
v -0.2 1.5 -0.8
v -0.2 1.5 -0.9
v -0.2 1.6 0.8
v -0.2 1.6 0.7
v -0.2 1.6 0.1
v -0.2 1.6 0
v -0.2 1.6 -0.7
v -0.2 1.6 -0.8
v -0.2 1.6 -1
v -0.2 1.6 -1.1
v -0.2 1.7 0.8
v -0.2 1.7 0.7
v -0.2 1.7 -0.5
v -0.2 1.7 -0.7
v -0.2 1.7 -1
v -0.2 1.8 0.4
v -0.2 1.8 0.3
v -0.2 1.8 -0.3
v -0.2 1.8 -0.5
v -0.2 1.8 -0.6
v -0.2 1.8 -0.7
v -0.2 1.9 0.4
v -0.2 1.9 0.3
v -0.2 1.9 -0.3
v -0.2 1.9 -0.4
v -0.2 1.9 -0.6
v -0.2 2 -0.2
v -0.2 2 -0.3
v -0.2 2 -0.4
v -0.2 2.1 -0.1
v -0.2 2.1 -0.2
v -0.2 2.1 -0.3
v -0.2 2.2 -0.1
v -0.2 2.2 -0.2
v -0.2 2.4 0.7
v -0.2 2.4 0.6
v -0.2 2.5 0.7
v -0.2 2.5 0.6
v -0.2 2.5 0.2
v -0.2 2.5 0.1
v -0.2 2.6 1
v -0.2 2.6 0.9
v -0.2 2.6 0.8
v -0.2 2.6 0.7
v -0.2 2.6 0.3
v -0.2 2.6 0.2
v -0.2 2.7 1
v -0.2 2.7 0.9
v -0.2 2.7 0.8
v -0.2 2.7 0.4
v -0.2 2.7 0.3
v -0.2 2.8 1
v -0.2 2.8 0.9
v -0.2 2.8 0.7
v -0.2 2.8 0.6
v -0.2 2.8 0.2
v -0.2 2.8 0.1
v -0.2 2.9 1
v -0.2 2.9 0.9
v -0.2 2.9 0.7
v -0.2 2.9 0.6
v -0.2 2.9 0.4
v -0.2 2.9 0.3
v -0.2 2.9 0.2
v -0.2 3 0.7
v -0.2 3 0.3
v -0.1 0.9 -1.7
v -0.1 0.9 -1.8
v -0.1 1.1 -1.6
v -0.1 1.1 -1.7
v -0.1 1.1 -1.8
v -0.1 1.2 -1.4
v -0.1 1.2 -1.6
v -0.1 1.2 -1.7
v -0.1 1.2 -1.8
v -0.1 1.3 0.7
v -0.1 1.3 0.6
v -0.1 1.3 -1.2
v -0.1 1.3 -1.4
v -0.1 1.3 -1.7
v -0.1 1.4 0.7
v -0.1 1.4 0.6
v -0.1 1.4 -1.1
v -0.1 1.4 -1.2
v -0.1 1.4 -1.4
v -0.1 1.5 -1.1
v -0.1 1.5 -1.2
v -0.1 1.6 -1
v -0.1 1.6 -1.1
v -0.1 1.7 -1
v -0.1 1.7 -1.1
v -0.1 2 -0.1
v -0.1 2 -0.2
v -0.1 2.1 -0.1
v -0.1 2.1 -0.2
v -0.1 2.1 -0.3
v -0.1 2.2 0
v -0.1 2.2 -0.1
v -0.1 2.2 -0.2
v -0.1 2.2 -0.3
v -0.1 2.3 0
v -0.1 2.3 -0.1
v -0.1 2.5 0.9
v -0.1 2.5 0.8
v -0.1 2.5 0.7
v -0.1 2.5 0.1
v -0.1 2.5 0
v -0.1 2.6 1.4
v -0.1 2.6 1.2
v -0.1 2.6 0.9
v -0.1 2.6 0.8
v -0.1 2.6 0.7
v -0.1 2.6 0.1
v -0.1 2.6 0
v -0.1 2.7 1.4
v -0.1 2.7 1.3
v -0.1 2.7 1.2
v -0.1 2.7 1.1
v -0.1 2.7 0.9
v -0.1 2.7 0.8
v -0.1 2.8 1.3
v -0.1 2.8 1.2
v -0.1 2.8 1.1
v -0.1 2.8 0.2
v -0.1 2.8 0.1
v -0.1 2.9 0.9
v -0.1 2.9 0.7
v -0.1 2.9 0.3
v -0.1 2.9 0.2
v -0.1 3 0.9
v -0.1 3 0.8
v -0.1 3 0.7
v -0.1 3 0.3
v -0.1 3 0.1
v -0.1 3.1 0.8
v -0.1 3.1 0.3
v 5.96046e-08 0.9 -1.4
v 5.96046e-08 0.9 -1.6
v 5.96046e-08 0.9 -1.8
v 5.96046e-08 0.9 -1.9
v 5.96046e-08 1 -1.4
v 5.96046e-08 1 -1.6
v 5.96046e-08 1 -1.8
v 5.96046e-08 1 -1.9
v 5.96046e-08 1.1 -1.8
v 5.96046e-08 1.2 -1.8
v 5.96046e-08 1.2 -1.9
v 5.96046e-08 1.4 -0.7
v 5.96046e-08 1.4 -0.8
v 5.96046e-08 1.4 -1.2
v 5.96046e-08 1.4 -1.3
v 5.96046e-08 1.5 -0.7
v 5.96046e-08 1.5 -0.8
v 5.96046e-08 1.5 -1.2
v 5.96046e-08 1.5 -1.3
v 5.96046e-08 1.6 0.9
v 5.96046e-08 1.6 0.8
v 5.96046e-08 1.7 0.9
v 5.96046e-08 1.7 0.8
v 5.96046e-08 1.9 -0.4
v 5.96046e-08 1.9 -0.5
v 5.96046e-08 2 -0.4
v 5.96046e-08 2 -0.5
v 5.96046e-08 2.6 1.5
v 5.96046e-08 2.6 1.4
v 5.96046e-08 2.6 0.1
v 5.96046e-08 2.6 0
v 5.96046e-08 2.7 1.5
v 5.96046e-08 2.7 1.4
v 5.96046e-08 2.7 1.3
v 5.96046e-08 2.7 0.1
v 5.96046e-08 2.7 0
v 5.96046e-08 2.8 1.4
v 5.96046e-08 2.8 1.3
v 5.96046e-08 3 0.3
v 5.96046e-08 3 0.2
v 5.96046e-08 3.1 0.3
v 5.96046e-08 3.1 0.2
v 0.1 0.9 -1.9
v 0.1 0.9 -2
v 0.1 1 -1.9
v 0.1 1.1 -1.9
v 0.1 1.1 -2
v 0.1 1.2 0.6
v 0.1 1.2 0.5
v 0.1 1.3 0.6
v 0.1 1.3 0.5
v 0.1 1.3 -0.3
v 0.1 1.3 -0.4
v 0.1 1.3 -1
v 0.1 1.3 -1.1
v 0.1 1.3 -1.4
v 0.1 1.3 -1.5
v 0.1 1.4 -0.3
v 0.1 1.4 -0.4
v 0.1 1.4 -1
v 0.1 1.4 -1.1
v 0.1 1.4 -1.4
v 0.1 1.4 -1.5
v 0.1 1.6 -1.1
v 0.1 1.6 -1.2
v 0.1 1.7 -1.1
v 0.1 1.7 -1.2
v 0.1 2 -0.3
v 0.1 2 -0.4
v 0.1 2.1 -0.3
v 0.1 2.1 -0.4
v 0.1 2.2 -0.3
v 0.1 2.2 -0.4
v 0.2 1.2 -0.1
v 0.2 1.2 -0.2
v 0.2 1.3 -0.1
v 0.2 1.3 -0.2
v 0.2 1.5 0.8
v 0.2 1.5 0.7
v 0.2 1.6 0.8
v 0.2 1.6 0.7
v 0.3 0.9 0.2
v 0.3 0.9 -0.2
v 0.3 1 0.2
v 0.3 1 -0.2
v 0.3 1.7 0.4
v 0.3 1.7 0.1
v 0.3 1.7 -0.2
v 0.3 1.7 -0.3
v 0.3 1.8 0.4
v 0.3 1.8 0.1
v 0.3 1.8 0
v 0.3 1.8 -0.1
v 0.3 1.8 -0.2
v 0.3 1.8 -0.3
v 0.3 2 0
v 0.3 2 -0.1
v 0.3 2.7 1.2
v 0.3 2.7 1
v 0.3 2.8 1.2
v 0.3 2.8 1
v 0.4 0 0.4
v 0.4 0 0.2
v 0.4 0.1 0.4
v 0.4 0.1 0.2
v 0.4 0.7 0.2
v 0.4 0.7 -0.1
v 0.4 0.9 0.2
v 0.4 0.9 -0.1
v 0.4 0.9 -0.3
v 0.4 0.9 -0.4
v 0.4 1 -0.3
v 0.4 1 -0.4
v 0.4 1.3 -0.1
v 0.4 1.3 -0.2
v 0.4 1.4 -0.1
v 0.4 1.4 -0.2
v 0.4 1.5 -0.6
v 0.4 1.5 -0.7
v 0.4 1.6 -0.6
v 0.4 1.6 -0.7
v 0.4 1.6 -0.8
v 0.4 1.7 -0.5
v 0.4 1.7 -0.6
v 0.4 1.7 -0.7
v 0.4 1.7 -0.8
v 0.4 1.8 -0.5
v 0.4 1.8 -0.7
v 0.4 2.5 1.2
v 0.4 2.5 1
v 0.4 2.6 1.2
v 0.4 2.6 1
v 0.4 2.8 1.1
v 0.4 2.8 1
v 0.4 2.9 1.1
v 0.4 2.9 1
v 0.5 0 0.2
v 0.5 0 0.1
v 0.5 0.1 0.2
v 0.5 0.1 0.1
v 0.5 0.1 0
v 0.5 0.2 0.2
v 0.5 0.2 0.1
v 0.5 0.5 0.2
v 0.5 0.5 0.1
v 0.5 0.6 0.2
v 0.5 0.6 0.1
v 0.5 0.7 0.1
v 0.5 0.7 0
v 0.5 0.8 -0.1
v 0.5 0.8 -0.2
v 0.5 0.9 -0.1
v 0.5 0.9 -0.2
v 0.5 0.9 -0.3
v 0.5 1 -0.2
v 0.5 1 -0.3
v 0.5 1.3 0.1
v 0.5 1.3 0
v 0.5 1.4 0.1
v 0.5 1.4 0
v 0.5 1.8 -0.4
v 0.5 1.8 -0.5
v 0.5 1.8 -0.7
v 0.5 1.9 -0.4
v 0.5 1.9 -0.5
v 0.5 1.9 -0.7
v 0.6 1.2 0.4
v 0.6 1.2 0.3
v 0.6 1.3 0.4
v 0.6 1.3 0.3
v 0.6 1.9 -0.2
v 0.6 1.9 -0.5
v 0.6 2 -0.2
v 0.6 2 -0.5
v -0.5 1.3 0.2
v -0.5 1.3 0.1
v -0.5 1.4 0.2
v -0.5 1.4 0.1
v -0.4 0 0.2
v -0.4 0 0.1
v -0.4 0.1 0.2
v -0.4 0.1 0.1
v -0.4 0.1 0
v -0.4 0.2 0.2
v -0.4 0.2 0.1
v -0.4 0.5 0.2
v -0.4 0.5 0.1
v -0.4 0.6 0.2
v -0.4 0.6 0.1
v -0.4 0.7 0.1
v -0.4 0.7 0
v -0.4 1.1 -0.8
v -0.4 1.1 -0.9
v -0.4 1.2 -0.8
v -0.4 1.2 -0.9
v -0.4 1.7 -0.1
v -0.4 1.7 -0.2
v -0.4 1.8 -0.1
v -0.4 1.8 -0.2
v -0.4 2.2 0.1
v -0.4 2.2 0
v -0.4 2.3 0.1
v -0.4 2.3 0
v -0.3 0 0.4
v -0.3 0 0.2
v -0.3 0.1 0.4
v -0.3 0.1 0.2
v -0.3 0.7 0.2
v -0.3 0.7 -0.2
v -0.3 0.8 0.3
v -0.3 0.8 0.2
v -0.3 0.9 0.2
v -0.3 0.9 -0.1
v -0.3 0.9 -0.2
v -0.3 1 0.3
v -0.3 1 0.2
v -0.3 1 -0.1
v -0.3 1 -0.2
v -0.3 1.2 -0.1
v -0.3 1.2 -0.2
v -0.3 1.3 0.1
v -0.3 1.3 0
v -0.3 1.3 -0.1
v -0.3 1.3 -0.2
v -0.3 1.6 0.1
v -0.3 1.6 0
v -0.3 1.8 0.4
v -0.3 1.8 0.3
v -0.3 1.9 0.4
v -0.3 1.9 0.3
v -0.3 2.1 0.8
v -0.3 2.1 0.7
v -0.3 2.2 0.8
v -0.3 2.2 0.7
v -0.3 2.3 0.8
v -0.3 2.3 0.7
v -0.3 2.6 1.4
v -0.3 2.6 1.3
v -0.3 2.7 1.4
v -0.3 2.7 1.3
v -0.3 2.8 1.3
v -0.3 2.8 1.2
v -0.3 2.8 1.1
v -0.3 2.8 1
v -0.3 2.9 1.3
v -0.3 2.9 1.2
v -0.3 2.9 1.1
v -0.3 2.9 1
v -0.2 0.9 0.2
v -0.2 0.9 -0.1
v -0.2 0.9 -1.3
v -0.2 0.9 -1.4
v -0.2 1 0.2
v -0.2 1 -0.1
v -0.2 1 -1.3
v -0.2 1 -1.4
v -0.2 1.9 1.1
v -0.2 1.9 1
v -0.2 2 -0.1
v -0.2 2 -0.2
v -0.2 2.1 1
v -0.2 2.1 0.9
v -0.2 2.1 0.8
v -0.2 2.1 -0.1
v -0.2 2.1 -0.2
v -0.2 2.2 1.1
v -0.2 2.2 0.9
v -0.2 2.2 0.8
v -0.2 2.3 0.9
v -0.2 2.3 0.8
v -0.2 2.6 1.3
v -0.2 2.6 1.2
v -0.2 2.7 1.2
v -0.2 2.7 1.1
v -0.2 2.8 1.3
v -0.2 2.8 1.1
v -0.1 0.9 -0.2
v -0.1 0.9 -0.4
v -0.1 0.9 -1.2
v -0.1 0.9 -1.3
v -0.1 0.9 -1.4
v -0.1 0.9 -1.6
v -0.1 1 -0.2
v -0.1 1 -0.4
v -0.1 1 -1.2
v -0.1 1 -1.3
v -0.1 1 -1.4
v -0.1 1 -1.6
v -0.1 1.4 -0.7
v -0.1 1.4 -0.8
v -0.1 1.5 -0.7
v -0.1 1.5 -0.8
v -0.1 2 1
v -0.1 2 0.9
v -0.1 2.1 1
v -0.1 2.1 0.9
v -0.1 2.2 0.7
v -0.1 2.2 0.6
v -0.1 2.3 0.7
v -0.1 2.3 0.6
v -0.1 2.5 1.2
v -0.1 2.5 1.1
v -0.1 2.6 1.2
v -0.1 2.6 1.1
v 5.96046e-08 1.3 -0.3
v 5.96046e-08 1.3 -0.4
v 5.96046e-08 1.3 -1
v 5.96046e-08 1.3 -1.1
v 5.96046e-08 1.4 0.7
v 5.96046e-08 1.4 0.6
v 5.96046e-08 1.4 -0.3
v 5.96046e-08 1.4 -0.4
v 5.96046e-08 1.4 -1
v 5.96046e-08 1.4 -1.1
v 5.96046e-08 1.5 0.7
v 5.96046e-08 1.5 0.6
v 5.96046e-08 2 0.9
v 5.96046e-08 2 0.8
v 5.96046e-08 2.1 0.9
v 5.96046e-08 2.1 0.8
v 0.1 1.1 -1.8
v 0.1 1.1 -1.9
v 0.1 1.2 -0.1
v 0.1 1.2 -0.2
v 0.1 1.2 -1.5
v 0.1 1.2 -1.7
v 0.1 1.2 -1.8
v 0.1 1.2 -1.9
v 0.1 1.3 -0.1
v 0.1 1.3 -0.2
v 0.1 1.3 -1.5
v 0.1 1.3 -1.7
v 0.1 1.8 1
v 0.1 1.8 0.9
v 0.1 1.8 0.7
v 0.1 2 1
v 0.1 2 0.8
v 0.1 2.1 0.8
v 0.1 2.1 0.7
v 0.1 2.1 0.6
v 0.1 2.1 -0.2
v 0.1 2.1 -0.3
v 0.1 2.2 0.7
v 0.1 2.2 0.6
v 0.1 2.2 -0.2
v 0.1 2.2 -0.3
v 0.1 2.3 0.7
v 0.1 2.3 0.6
v 0.1 2.4 0.7
v 0.1 2.4 0.6
v 0.1 2.5 1.1
v 0.1 2.5 1
v 0.1 2.6 1.5
v 0.1 2.6 1.4
v 0.1 2.6 1.1
v 0.1 2.6 1
v 0.1 2.6 0.1
v 0.1 2.6 0
v 0.1 2.7 1.5
v 0.1 2.7 1.4
v 0.1 2.7 1.3
v 0.1 2.7 0.1
v 0.1 2.7 0
v 0.1 2.8 1.4
v 0.1 2.8 1.3
v 0.1 3 0.3
v 0.1 3 0.2
v 0.1 3.1 0.3
v 0.1 3.1 0.2
v 0.2 0.9 -1
v 0.2 0.9 -1.1
v 0.2 0.9 -1.4
v 0.2 0.9 -1.8
v 0.2 0.9 -2
v 0.2 1 0.4
v 0.2 1 0.3
v 0.2 1 -1
v 0.2 1 -1.1
v 0.2 1 -1.4
v 0.2 1 -1.7
v 0.2 1.1 0.4
v 0.2 1.1 0.3
v 0.2 1.1 -1.3
v 0.2 1.1 -1.5
v 0.2 1.1 -1.7
v 0.2 1.1 -1.8
v 0.2 1.1 -2
v 0.2 1.2 -1.4
v 0.2 1.2 -1.5
v 0.2 1.2 -1.8
v 0.2 1.3 0.7
v 0.2 1.3 0.6
v 0.2 1.3 -1.3
v 0.2 1.3 -1.4
v 0.2 1.4 0.7
v 0.2 1.4 0.6
v 0.2 1.4 0.5
v 0.2 1.4 -1.2
v 0.2 1.4 -1.3
v 0.2 1.4 -1.5
v 0.2 1.5 0.6
v 0.2 1.5 0.5
v 0.2 1.5 -1.2
v 0.2 1.5 -1.3
v 0.2 1.6 -0.9
v 0.2 1.6 -1.1
v 0.2 1.6 -1.2
v 0.2 1.7 0.4
v 0.2 1.7 0.1
v 0.2 1.7 -0.2
v 0.2 1.7 -0.3
v 0.2 1.7 -0.9
v 0.2 1.7 -1.2
v 0.2 1.8 0.4
v 0.2 1.8 0.1
v 0.2 1.8 0
v 0.2 1.8 -0.1
v 0.2 1.8 -0.2
v 0.2 1.8 -0.3
v 0.2 2 0.7
v 0.2 2 0.6
v 0.2 2 0
v 0.2 2 -0.1
v 0.2 2 -0.3
v 0.2 2 -0.4
v 0.2 2.1 0.7
v 0.2 2.1 0.6
v 0.2 2.1 -0.1
v 0.2 2.1 -0.2
v 0.2 2.1 -0.3
v 0.2 2.1 -0.4
v 0.2 2.2 -0.1
v 0.2 2.2 -0.2
v 0.2 2.2 -0.3
v 0.2 2.2 -0.4
v 0.2 2.4 0.7
v 0.2 2.4 0.6
v 0.2 2.5 1
v 0.2 2.5 0.8
v 0.2 2.5 0.7
v 0.2 2.5 0.6
v 0.2 2.5 0.1
v 0.2 2.5 0
v 0.2 2.6 1.4
v 0.2 2.6 1.3
v 0.2 2.6 1.2
v 0.2 2.6 1
v 0.2 2.6 0.9
v 0.2 2.6 0.8
v 0.2 2.6 0.7
v 0.2 2.6 0.1
v 0.2 2.6 0
v 0.2 2.7 1.4
v 0.2 2.7 1.3
v 0.2 2.7 1.2
v 0.2 2.7 1
v 0.2 2.7 0.9
v 0.2 2.7 0.8
v 0.2 2.7 0.2
v 0.2 2.7 0.1
v 0.2 2.8 1.3
v 0.2 2.8 1.2
v 0.2 2.8 1
v 0.2 2.9 0.3
v 0.2 2.9 0.2
v 0.2 3 0.8
v 0.2 3 0.3
v 0.2 3 0.1
v 0.2 3.1 0.8
v 0.2 3.1 0.3
v 0.3 0.9 -0.8
v 0.3 0.9 -1
v 0.3 1 -0.8
v 0.3 1 -1
v 0.3 1 -1.3
v 0.3 1 -1.7
v 0.3 1.1 -1
v 0.3 1.1 -1.1
v 0.3 1.1 -1.2
v 0.3 1.1 -1.3
v 0.3 1.1 -1.7
v 0.3 1.2 -1.1
v 0.3 1.2 -1.2
v 0.3 1.3 0.6
v 0.3 1.3 0.5
v 0.3 1.3 -0.1
v 0.3 1.3 -0.2
v 0.3 1.3 -1.1
v 0.3 1.3 -1.3
v 0.3 1.4 0.6
v 0.3 1.4 0.5
v 0.3 1.4 -0.1
v 0.3 1.4 -0.2
v 0.3 1.4 -0.9
v 0.3 1.4 -1.1
v 0.3 1.4 -1.2
v 0.3 1.4 -1.3
v 0.3 1.5 -0.6
v 0.3 1.5 -0.7
v 0.3 1.5 -1.1
v 0.3 1.5 -1.2
v 0.3 1.6 0.9
v 0.3 1.6 0.8
v 0.3 1.6 0.6
v 0.3 1.6 -0.6
v 0.3 1.6 -0.7
v 0.3 1.6 -0.9
v 0.3 1.6 -1.1
v 0.3 1.7 0.7
v 0.3 1.7 0.6
v 0.3 1.7 0.5
v 0.3 1.7 -0.5
v 0.3 1.7 -0.6
v 0.3 1.7 -0.7
v 0.3 1.7 -0.9
v 0.3 1.8 0.9
v 0.3 1.8 0.7
v 0.3 1.8 -0.6
v 0.3 1.8 -0.7
v 0.3 1.9 -0.4
v 0.3 1.9 -0.5
v 0.3 1.9 -0.6
v 0.3 2 0.7
v 0.3 2 0.6
v 0.3 2 0.5
v 0.3 2 0.3
v 0.3 2 -0.2
v 0.3 2 -0.3
v 0.3 2 -0.4
v 0.3 2 -0.5
v 0.3 2.1 0.4
v 0.3 2.1 0.3
v 0.3 2.1 0
v 0.3 2.1 -0.1
v 0.3 2.1 -0.2
v 0.3 2.1 -0.3
v 0.3 2.2 0.1
v 0.3 2.2 0
v 0.3 2.3 0.4
v 0.3 2.3 0.3
v 0.3 2.3 0.2
v 0.3 2.3 0.1
v 0.3 2.3 0
v 0.3 2.3 -0.1
v 0.3 2.4 0.3
v 0.3 2.4 0.2
v 0.3 2.5 0.7
v 0.3 2.5 0.6
v 0.3 2.5 0.1
v 0.3 2.5 0
v 0.3 2.6 0.8
v 0.3 2.6 0.7
v 0.3 2.6 0.6
v 0.3 2.6 0.2
v 0.3 2.6 0.1
v 0.3 2.7 0.9
v 0.3 2.7 0.8
v 0.3 2.7 0.7
v 0.3 2.7 0.2
v 0.3 2.7 0.1
v 0.3 2.8 1
v 0.3 2.8 0.9
v 0.3 2.8 0.8
v 0.3 2.8 0.7
v 0.3 2.8 0.3
v 0.3 2.8 0.2
v 0.3 2.9 1
v 0.3 2.9 0.9
v 0.3 2.9 0.7
v 0.3 2.9 0.6
v 0.3 2.9 0.5
v 0.3 2.9 0.3
v 0.3 2.9 0.2
v 0.3 3 0.9
v 0.3 3 0.6
v 0.3 3 0.5
v 0.3 3 0.3
v 0.4 0.9 -0.5
v 0.4 0.9 -0.8
v 0.4 1 -0.5
v 0.4 1 -0.7
v 0.4 1 -0.8
v 0.4 1 -1
v 0.4 1.1 -0.7
v 0.4 1.1 -0.8
v 0.4 1.1 -1
v 0.4 1.1 -1.1
v 0.4 1.1 -1.2
v 0.4 1.2 0.6
v 0.4 1.2 0.5
v 0.4 1.2 0.4
v 0.4 1.2 -0.8
v 0.4 1.2 -1.1
v 0.4 1.2 -1.2
v 0.4 1.3 0.6
v 0.4 1.3 0.5
v 0.4 1.3 0.4
v 0.4 1.3 0.1
v 0.4 1.3 0
v 0.4 1.3 -0.9
v 0.4 1.3 -1.1
v 0.4 1.4 0.1
v 0.4 1.4 0
v 0.4 1.4 -0.9
v 0.4 1.4 -1.1
v 0.4 1.5 0.8
v 0.4 1.5 0.7
v 0.4 1.6 0.8
v 0.4 1.6 0.7
v 0.4 1.6 0.6
v 0.4 1.6 0.5
v 0.4 1.7 0.6
v 0.4 1.7 0.5
v 0.4 1.7 0.4
v 0.4 1.8 -0.4
v 0.4 1.8 -0.5
v 0.4 1.9 0.4
v 0.4 1.9 0.1
v 0.4 1.9 -0.3
v 0.4 1.9 -0.4
v 0.4 1.9 -0.5
v 0.4 2 0.5
v 0.4 2 0.3
v 0.4 2 0.1
v 0.4 2 -0.2
v 0.4 2 -0.3
v 0.4 2 -0.4
v 0.4 2.1 0.4
v 0.4 2.1 0.3
v 0.4 2.1 0
v 0.4 2.1 -0.2
v 0.4 2.2 0.1
v 0.4 2.2 0
v 0.4 2.3 0.4
v 0.4 2.3 0.3
v 0.4 2.3 0.2
v 0.4 2.3 0.1
v 0.4 2.4 0.3
v 0.4 2.4 0.2
v 0.4 2.5 0.6
v 0.4 2.5 0.1
v 0.4 2.6 1.2
v 0.4 2.6 1.1
v 0.4 2.6 0.7
v 0.4 2.6 0.6
v 0.4 2.6 0.2
v 0.4 2.6 0.1
v 0.4 2.7 1.2
v 0.4 2.7 1.1
v 0.4 2.7 1
v 0.4 2.7 0.9
v 0.4 2.7 0.8
v 0.4 2.7 0.7
v 0.4 2.8 1
v 0.4 2.8 0.9
v 0.4 2.8 0.8
v 0.4 2.8 0.7
v 0.4 2.8 0.3
v 0.4 2.8 0.2
v 0.4 2.9 0.7
v 0.4 2.9 0.6
v 0.4 2.9 0.5
v 0.4 2.9 0.3
v 0.4 3 0.6
v 0.4 3 0.5
v 0.5 0.9 -0.3
v 0.5 0.9 -0.5
v 0.5 1 -0.3
v 0.5 1 -0.4
v 0.5 1 -0.5
v 0.5 1 -0.7
v 0.5 1.1 -0.4
v 0.5 1.1 -0.5
v 0.5 1.1 -0.7
v 0.5 1.1 -0.8
v 0.5 1.2 0.4
v 0.5 1.2 0.3
v 0.5 1.2 -0.8
v 0.5 1.2 -1.1
v 0.5 1.3 0.5
v 0.5 1.3 0.4
v 0.5 1.3 0.3
v 0.5 1.3 -0.5
v 0.5 1.3 -0.6
v 0.5 1.3 -0.8
v 0.5 1.3 -0.9
v 0.5 1.3 -1.1
v 0.5 1.4 -0.5
v 0.5 1.4 -0.6
v 0.5 1.4 -0.9
v 0.5 1.5 0.7
v 0.5 1.5 0.5
v 0.5 1.6 0.7
v 0.5 1.6 0.5
v 0.5 1.7 0.5
v 0.5 1.7 0.4
v 0.5 1.7 0.3
v 0.5 1.7 0.2
v 0.5 1.8 0.2
v 0.5 1.8 0.1
v 0.5 1.9 0.4
v 0.5 1.9 0.1
v 0.5 1.9 -0.3
v 0.5 2 0.1
v 0.5 2 -0.3
v 0.5 2.5 1.1
v 0.5 2.5 1
v 0.5 2.6 1.1
v 0.5 2.7 1.2
v 0.5 2.7 1.1
v 0.5 2.8 1.2
v 0.5 2.8 1.1
v 0.5 2.8 1
v 0.6 0 0.2
v 0.6 0 0.1
v 0.6 0.1 0.2
v 0.6 0.1 0.1
v 0.6 0.1 0
v 0.6 0.2 0.2
v 0.6 0.2 0.1
v 0.6 0.5 0.2
v 0.6 0.5 0.1
v 0.6 0.6 0.2
v 0.6 0.6 0.1
v 0.6 0.7 0.1
v 0.6 0.7 0
v 0.6 0.9 -0.2
v 0.6 0.9 -0.3
v 0.6 1 -0.2
v 0.6 1 -0.3
v 0.6 1 -0.4
v 0.6 1.1 -0.3
v 0.6 1.1 -0.4
v 0.6 1.1 -0.5
v 0.6 1.3 -0.4
v 0.6 1.3 -0.5
v 0.6 1.4 0.4
v 0.6 1.4 0.3
v 0.6 1.4 -0.4
v 0.6 1.4 -0.5
v 0.6 1.4 -0.6
v 0.6 1.4 -0.9
v 0.6 1.5 -0.6
v 0.6 1.5 -0.8
v 0.6 1.6 0.3
v 0.6 1.6 0.2
v 0.6 1.6 -0.8
v 0.6 1.6 -0.9
v 0.6 1.7 0.4
v 0.6 1.7 0.3
v 0.6 1.7 0.2
v 0.6 1.7 0.1
v 0.6 1.8 0.2
v 0.6 1.8 0.1
v 0.6 2.5 1.2
v 0.6 2.5 1.1
v 0.6 2.6 1.2
v 0.6 2.6 1.1
v 0.6 2.8 1.1
v 0.6 2.8 1
v 0.6 2.9 1.1
v 0.6 2.9 1
v 0.7 0 0.4
v 0.7 0 0.2
v 0.7 0.1 0.4
v 0.7 0.1 0.2
v 0.7 0.7 0.2
v 0.7 0.7 -0.1
v 0.7 0.8 -0.1
v 0.7 0.8 -0.2
v 0.7 1 0.3
v 0.7 1 0.2
v 0.7 1 -0.2
v 0.7 1 -0.3
v 0.7 1.1 0.4
v 0.7 1.1 0.3
v 0.7 1.1 -0.3
v 0.7 1.1 -0.4
v 0.7 1.2 0.3
v 0.7 1.2 0.2
v 0.7 1.3 0.2
v 0.7 1.3 0.1
v 0.7 1.4 0.4
v 0.7 1.4 0.3
v 0.7 1.4 0.1
v 0.7 1.4 -0.4
v 0.7 1.4 -0.5
v 0.7 1.4 -0.6
v 0.7 1.5 0.2
v 0.7 1.5 0.1
v 0.7 1.5 -0.5
v 0.7 1.5 -0.6
v 0.7 1.5 -0.8
v 0.7 1.6 0.3
v 0.7 1.6 0.2
v 0.7 1.7 -0.6
v 0.7 1.7 -0.7
v 0.7 1.7 -0.8
v 0.7 1.8 -0.6
v 0.7 1.8 -0.7
v 0.7 1.9 -0.2
v 0.7 1.9 -0.5
v 0.7 1.9 -0.6
v 0.7 1.9 -0.7
v 0.7 2 -0.2
v 0.7 2 -0.5
v 0.8 1.4 0.1
v 0.8 1.4 -0.5
v 0.8 1.5 0.2
v 0.8 1.5 0.1
v 0.8 1.5 -0.5
v 0.8 1.5 -0.6
v 0.8 1.7 0.2
v 0.8 1.7 0.1
v 0.8 1.7 -0.6
v 0.8 1.7 -0.7
v 0.8 1.8 -0.6
v 0.8 1.8 -0.7
v 0.8 1.9 0.1
v 0.8 1.9 -0.6
v 5.96046e-08 2.6 1.5
v 5.96046e-08 2.7 1.5
v 0.1 2.6 1.5
v 0.1 2.7 1.5
v -0.4 2.6 1.4
v -0.4 2.7 1.4
v -0.3 2.6 1.4
v -0.3 2.7 1.4
v -0.1 2.6 1.4
v -0.1 2.7 1.4
v 5.96046e-08 2.6 1.4
v 5.96046e-08 2.7 1.4
v 5.96046e-08 2.8 1.4
v 0.1 2.6 1.4
v 0.1 2.7 1.4
v 0.1 2.8 1.4
v 0.2 2.6 1.4
v 0.2 2.7 1.4
v -0.5 2.6 1.3
v -0.5 2.7 1.3
v -0.4 2.6 1.3
v -0.4 2.7 1.3
v -0.4 2.8 1.3
v -0.4 2.9 1.3
v -0.3 2.6 1.3
v -0.3 2.7 1.3
v -0.3 2.8 1.3
v -0.3 2.9 1.3
v -0.2 2.6 1.3
v -0.2 2.8 1.3
v -0.1 2.7 1.3
v -0.1 2.8 1.3
v 5.96046e-08 2.7 1.3
v 5.96046e-08 2.8 1.3
v 0.1 2.7 1.3
v 0.1 2.8 1.3
v 0.2 2.7 1.3
v 0.2 2.8 1.3
v -0.4 2.5 1.2
v -0.4 2.6 1.2
v -0.2 2.6 1.2
v -0.2 2.7 1.2
v -0.1 2.5 1.2
v -0.1 2.6 1.2
v -0.1 2.7 1.2
v 0.2 2.6 1.2
v 0.2 2.7 1.2
v 0.3 2.7 1.2
v 0.3 2.8 1.2
v 0.4 2.5 1.2
v 0.4 2.6 1.2
v 0.4 2.7 1.2
v 0.5 2.7 1.2
v 0.5 2.8 1.2
v 0.6 2.5 1.2
v 0.6 2.6 1.2
v -0.4 2.8 1.1
v -0.4 2.9 1.1
v -0.3 1.9 1.1
v -0.3 2.2 1.1
v -0.3 2.8 1.1
v -0.3 2.9 1.1
v -0.2 1.9 1.1
v -0.2 2.2 1.1
v -0.2 2.7 1.1
v -0.2 2.8 1.1
v -0.1 2.5 1.1
v -0.1 2.6 1.1
v -0.1 2.7 1.1
v -0.1 2.8 1.1
v 5.96046e-08 2.5 1.1
v 5.96046e-08 2.6 1.1
v 0.1 2.5 1.1
v 0.1 2.6 1.1
v 0.4 2.6 1.1
v 0.4 2.7 1.1
v 0.4 2.8 1.1
v 0.4 2.9 1.1
v 0.5 2.6 1.1
v 0.5 2.7 1.1
v 0.5 2.8 1.1
v 0.6 2.8 1.1
v 0.6 2.9 1.1
v -0.4 2 1
v -0.4 2.2 1
v -0.3 1.8 1
v -0.3 1.9 1
v -0.3 2 1
v -0.3 2.2 1
v -0.2 1.8 1
v -0.2 1.9 1
v -0.2 2.1 1
v -0.2 2.8 1
v -0.2 2.9 1
v -0.1 2 1
v -0.1 2.1 1
v -0.1 2.8 1
v -0.1 2.9 1
v 0.1 1.8 1
v 0.1 2 1
v 0.1 2.5 1
v 0.1 2.6 1
v 0.2 2.5 1
v 0.2 2.6 1
v 0.2 2.7 1
v 0.2 2.8 1
v 0.2 2.9 1
v 0.3 2.7 1
v 0.3 2.8 1
v 0.3 2.9 1
v -0.5 2 0.9
v -0.5 2.1 0.9
v -0.4 1.9 0.9
v -0.4 2 0.9
v -0.4 2.1 0.9
v -0.4 2.2 0.9
v -0.4 2.3 0.9
v -0.3 1.7 0.9
v -0.3 1.8 0.9
v -0.3 1.9 0.9
v -0.3 2 0.9
v -0.2 1.7 0.9
v -0.2 1.8 0.9
v -0.2 2.2 0.9
v -0.2 2.3 0.9
v -0.1 2 0.9
v -0.1 2.1 0.9
v -0.1 2.9 0.9
v -0.1 3 0.9
v 5.96046e-08 1.6 0.9
v 5.96046e-08 1.7 0.9
v 5.96046e-08 2 0.9
v 5.96046e-08 2.1 0.9
v 0.1 1.8 0.9
v 0.2 2.9 0.9
v 0.3 1.6 0.9
v 0.3 1.8 0.9
v 0.3 2.9 0.9
v 0.3 3 0.9
v -0.6 2 0.8
v -0.6 2.2 0.8
v -0.5 1.9 0.8
v -0.5 2 0.8
v -0.5 2.1 0.8
v -0.4 1.7 0.8
v -0.4 1.9 0.8
v -0.4 2 0.8
v -0.4 2.1 0.8
v -0.4 2.2 0.8
v -0.3 1.7 0.8
v -0.3 1.9 0.8
v -0.2 1.6 0.8
v -0.2 1.7 0.8
v -0.2 2.6 0.8
v -0.2 2.7 0.8
v -0.1 2.6 0.8
v -0.1 2.7 0.8
v -0.1 3 0.8
v -0.1 3.1 0.8
v 5.96046e-08 1.6 0.8
v 5.96046e-08 1.7 0.8
v 5.96046e-08 2 0.8
v 5.96046e-08 2.1 0.8
v 0.1 2 0.8
v 0.1 2.1 0.8
v 0.2 1.5 0.8
v 0.2 1.6 0.8
v 0.2 2.6 0.8
v 0.2 2.7 0.8
v 0.2 3 0.8
v 0.2 3.1 0.8
v 0.3 1.6 0.8
v 0.3 2.6 0.8
v 0.3 2.7 0.8
v 0.3 2.8 0.8
v 0.4 1.5 0.8
v 0.4 1.6 0.8
v 0.4 2.7 0.8
v 0.4 2.8 0.8
v -0.6 1.8 0.7
v -0.6 1.9 0.7
v -0.5 1.7 0.7
v -0.5 1.8 0.7
v -0.5 1.9 0.7
v -0.5 2.2 0.7
v -0.5 2.3 0.7
v -0.4 1.6 0.7
v -0.4 1.7 0.7
v -0.4 1.9 0.7
v -0.4 2.2 0.7
v -0.4 2.3 0.7
v -0.3 1.5 0.7
v -0.3 1.6 0.7
v -0.3 1.7 0.7
v -0.3 2.1 0.7
v -0.3 2.2 0.7
v -0.3 2.3 0.7
v -0.3 2.4 0.7
v -0.3 2.5 0.7
v -0.3 2.8 0.7
v -0.2 1.4 0.7
v -0.2 1.5 0.7
v -0.2 1.6 0.7
v -0.2 1.7 0.7
v -0.2 2.2 0.7
v -0.2 2.3 0.7
v -0.2 2.4 0.7
v -0.2 2.5 0.7
v -0.2 2.6 0.7
v -0.2 2.8 0.7
v -0.2 2.9 0.7
v -0.2 3 0.7
v -0.1 1.3 0.7
v -0.1 1.4 0.7
v -0.1 1.5 0.7
v -0.1 1.6 0.7
v -0.1 2.2 0.7
v -0.1 2.3 0.7
v -0.1 2.5 0.7
v -0.1 2.6 0.7
v -0.1 2.9 0.7
v -0.1 3 0.7
v 5.96046e-08 1.4 0.7
v 5.96046e-08 1.5 0.7
v 0.1 1.5 0.7
v 0.1 1.6 0.7
v 0.1 1.8 0.7
v 0.1 2.1 0.7
v 0.1 2.2 0.7
v 0.1 2.3 0.7
v 0.1 2.4 0.7
v 0.2 1.3 0.7
v 0.2 1.4 0.7
v 0.2 1.5 0.7
v 0.2 1.6 0.7
v 0.2 2 0.7
v 0.2 2.1 0.7
v 0.2 2.4 0.7
v 0.2 2.5 0.7
v 0.2 2.6 0.7
v 0.3 1.8 0.7
v 0.3 2 0.7
v 0.3 2.5 0.7
v 0.3 2.6 0.7
v 0.3 2.7 0.7
v 0.3 2.8 0.7
v 0.3 2.9 0.7
v 0.4 1.5 0.7
v 0.4 1.6 0.7
v 0.4 2.6 0.7
v 0.4 2.7 0.7
v 0.4 2.8 0.7
v 0.4 2.9 0.7
v 0.5 1.5 0.7
v 0.5 1.6 0.7
v -0.5 1.6 0.6
v -0.5 1.7 0.6
v -0.5 2.3 0.6
v -0.5 2.4 0.6
v -0.4 1.6 0.6
v -0.4 1.7 0.6
v -0.3 1.3 0.6
v -0.3 1.5 0.6
v -0.3 2.3 0.6
v -0.3 2.4 0.6
v -0.3 2.5 0.6
v -0.3 2.8 0.6
v -0.3 2.9 0.6
v -0.2 1.4 0.6
v -0.2 1.5 0.6
v -0.2 2.4 0.6
v -0.2 2.5 0.6
v -0.2 2.8 0.6
v -0.2 2.9 0.6
v -0.1 1.3 0.6
v -0.1 1.4 0.6
v -0.1 2.2 0.6
v -0.1 2.3 0.6
v 5.96046e-08 1.4 0.6
v 5.96046e-08 1.5 0.6
v 0.1 1.2 0.6
v 0.1 1.3 0.6
v 0.1 1.5 0.6
v 0.1 2.1 0.6
v 0.1 2.2 0.6
v 0.1 2.3 0.6
v 0.1 2.4 0.6
v 0.2 1.3 0.6
v 0.2 1.4 0.6
v 0.2 1.5 0.6
v 0.2 2 0.6
v 0.2 2.1 0.6
v 0.2 2.4 0.6
v 0.2 2.5 0.6
v 0.3 1.3 0.6
v 0.3 1.4 0.6
v 0.3 1.6 0.6
v 0.3 1.7 0.6
v 0.3 2 0.6
v 0.3 2.5 0.6
v 0.3 2.6 0.6
v 0.3 2.9 0.6
v 0.3 3 0.6
v 0.4 1.2 0.6
v 0.4 1.3 0.6
v 0.4 1.6 0.6
v 0.4 1.7 0.6
v 0.4 2.5 0.6
v 0.4 2.6 0.6
v 0.4 2.9 0.6
v 0.4 3 0.6
v -0.6 1.9 0.5
v -0.6 2.1 0.5
v -0.5 1.2 0.5
v -0.5 1.5 0.5
v -0.5 1.9 0.5
v -0.5 2.1 0.5
v -0.4 1.5 0.5
v -0.4 1.6 0.5
v -0.4 2.4 0.5
v -0.4 2.5 0.5
v -0.3 1.3 0.5
v -0.3 1.6 0.5
v -0.3 2.4 0.5
v -0.3 2.5 0.5
v 0.1 1.2 0.5
v 0.1 1.3 0.5
v 0.2 1.4 0.5
v 0.2 1.5 0.5
v 0.3 1.3 0.5
v 0.3 1.4 0.5
v 0.3 1.5 0.5
v 0.3 1.7 0.5
v 0.3 2 0.5
v 0.4 1.3 0.5
v 0.4 1.6 0.5
v 0.4 1.7 0.5
v 0.4 2 0.5
v 0.5 1.3 0.5
v 0.5 1.5 0.5
v 0.5 1.6 0.5
v 0.5 1.7 0.5
v -0.6 0 0.4
v -0.6 0.1 0.4
v -0.6 1.3 0.4
v -0.6 1.4 0.4
v -0.6 1.8 0.4
v -0.6 1.9 0.4
v -0.6 2.1 0.4
v -0.6 2.2 0.4
v -0.5 1.3 0.4
v -0.5 1.4 0.4
v -0.5 1.5 0.4
v -0.5 1.6 0.4
v -0.5 1.8 0.4
v -0.5 1.9 0.4
v -0.5 2.1 0.4
v -0.5 2.2 0.4
v -0.4 1.5 0.4
v -0.4 1.6 0.4
v -0.3 0 0.4
v -0.3 0.1 0.4
v -0.3 1.1 0.4
v -0.3 1.2 0.4
v -0.2 1 0.4
v -0.2 1.1 0.4
v 0.2 1 0.4
v 0.2 1.1 0.4
v 0.3 1.1 0.4
v 0.3 1.2 0.4
v 0.3 2.1 0.4
v 0.3 2.3 0.4
v 0.4 0 0.4
v 0.4 0.1 0.4
v 0.4 1.2 0.4
v 0.4 1.3 0.4
v 0.4 1.7 0.4
v 0.4 1.9 0.4
v 0.4 2.1 0.4
v 0.4 2.3 0.4
v 0.5 1.2 0.4
v 0.5 1.3 0.4
v 0.5 1.7 0.4
v 0.5 1.9 0.4
v 0.6 1.2 0.4
v 0.6 1.3 0.4
v 0.6 1.4 0.4
v 0.6 1.7 0.4
v 0.7 0 0.4
v 0.7 0.1 0.4
v 0.7 1.1 0.4
v 0.7 1.4 0.4
v -0.6 0.8 0.3
v -0.6 1.3 0.3
v -0.6 1.4 0.3
v -0.6 1.5 0.3
v -0.6 1.6 0.3
v -0.6 1.8 0.3
v -0.5 1.2 0.3
v -0.5 1.3 0.3
v -0.5 1.4 0.3
v -0.5 1.5 0.3
v -0.5 1.6 0.3
v -0.5 1.8 0.3
v -0.5 2.4 0.3
v -0.5 2.5 0.3
v -0.4 2.4 0.3
v -0.4 2.5 0.3
v -0.3 0.8 0.3
v -0.3 1 0.3
v -0.3 1.1 0.3
v -0.3 1.2 0.3
v -0.3 1.8 0.3
v -0.3 1.9 0.3
v -0.2 1 0.3
v -0.2 1.1 0.3
v -0.2 1.8 0.3
v -0.2 1.9 0.3
v 0.2 1 0.3
v 0.2 1.1 0.3
v 0.3 1.1 0.3
v 0.3 2 0.3
v 0.3 2.1 0.3
v 0.3 2.3 0.3
v 0.3 2.4 0.3
v 0.4 2 0.3
v 0.4 2.1 0.3
v 0.4 2.3 0.3
v 0.4 2.4 0.3
v 0.5 1.2 0.3
v 0.5 1.3 0.3
v 0.6 1.2 0.3
v 0.6 1.3 0.3
v 0.6 1.4 0.3
v 0.6 1.6 0.3
v 0.7 1 0.3
v 0.7 1.1 0.3
v 0.7 1.4 0.3
v 0.7 1.6 0.3
v -0.7 1.8 0.2
v -0.7 1.9 0.2
v -0.7 2 0.2
v -0.7 2.2 0.2
v -0.6 0.7 0.2
v -0.6 0.8 0.2
v -0.6 1.5 0.2
v -0.6 1.6 0.2
v -0.6 1.8 0.2
v -0.6 1.9 0.2
v -0.6 2 0.2
v -0.6 2.2 0.2
v -0.6 2.3 0.2
v -0.5 0.1 0.2
v -0.5 0.2 0.2
v -0.5 0.5 0.2
v -0.5 0.6 0.2
v -0.5 1.5 0.2
v -0.5 1.6 0.2
v -0.5 2.2 0.2
v -0.5 2.3 0.2
v -0.5 2.4 0.2
v -0.4 0.1 0.2
v -0.4 0.2 0.2
v -0.4 0.5 0.2
v -0.4 0.6 0.2
v -0.4 2.3 0.2
v -0.4 2.4 0.2
v -0.3 0.7 0.2
v -0.3 0.8 0.2
v -0.3 0.9 0.2
v -0.3 1 0.2
v -0.2 0.9 0.2
v -0.2 1 0.2
v 0.3 0.9 0.2
v 0.3 1 0.2
v 0.4 0.7 0.2
v 0.4 0.9 0.2
v 0.5 0.1 0.2
v 0.5 0.2 0.2
v 0.5 0.5 0.2
v 0.5 0.6 0.2
v 0.5 1.7 0.2
v 0.5 1.8 0.2
v 0.6 0.1 0.2
v 0.6 0.2 0.2
v 0.6 0.5 0.2
v 0.6 0.6 0.2
v 0.6 1.6 0.2
v 0.6 1.7 0.2
v 0.6 1.8 0.2
v 0.7 0.7 0.2
v 0.7 1 0.2
v 0.7 1.5 0.2
v 0.7 1.6 0.2
v 0.8 1.5 0.2
v 0.8 1.7 0.2
v -0.7 1.7 0.1
v -0.7 1.8 0.1
v -0.7 1.9 0.1
v -0.7 2 0.1
v -0.6 1.7 0.1
v -0.6 1.8 0.1
v -0.6 1.9 0.1
v -0.6 2 0.1
v -0.5 0.2 0.1
v -0.5 0.5 0.1
v -0.5 0.6 0.1
v -0.5 0.7 0.1
v -0.5 1.3 0.1
v -0.5 1.4 0.1
v -0.4 0.2 0.1
v -0.4 0.5 0.1
v -0.4 0.6 0.1
v -0.4 0.7 0.1
v -0.4 1.3 0.1
v -0.4 1.4 0.1
v 0.2 1.7 0.1
v 0.2 1.8 0.1
v 0.3 1.7 0.1
v 0.3 1.8 0.1
v 0.4 1.9 0.1
v 0.4 2 0.1
v 0.5 0.2 0.1
v 0.5 0.5 0.1
v 0.5 0.6 0.1
v 0.5 0.7 0.1
v 0.5 1.8 0.1
v 0.5 1.9 0.1
v 0.5 2 0.1
v 0.6 0.2 0.1
v 0.6 0.5 0.1
v 0.6 0.6 0.1
v 0.6 0.7 0.1
v 0.6 1.7 0.1
v 0.6 1.8 0.1
v 0.7 1.4 0.1
v 0.7 1.5 0.1
v 0.8 1.4 0.1
v 0.8 1.5 0.1
v 0.8 1.7 0.1
v 0.8 1.9 0.1
v -0.7 1.6 0
v -0.7 1.7 0
v -0.6 1.6 0
v -0.6 1.7 0
v -0.3 1.3 0
v -0.3 1.6 0
v -0.2 1.3 0
v -0.2 1.6 0
v 0.4 1.3 0
v 0.4 1.4 0
v 0.5 1.3 0
v 0.5 1.4 0
v 0.2 1.8 -0.1
v 0.2 2 -0.1
v 0.3 1.8 -0.1
v 0.3 2 -0.1
v -0.6 1.8 -0.2
v -0.6 1.9 -0.2
v -0.5 1.8 -0.2
v -0.5 1.9 -0.2
v -0.4 1.7 -0.2
v -0.4 1.8 -0.2
v -0.3 0.9 -0.2
v -0.3 1 -0.2
v -0.3 1.2 -0.2
v -0.3 1.3 -0.2
v -0.3 1.7 -0.2
v -0.3 1.8 -0.2
v -0.2 1.2 -0.2
v -0.2 1.3 -0.2
v -0.2 2 -0.2
v -0.2 2.1 -0.2
v -0.1 0.9 -0.2
v -0.1 1 -0.2
v -0.1 2 -0.2
v -0.1 2.1 -0.2
v 0.1 1.2 -0.2
v 0.1 1.3 -0.2
v 0.2 1.2 -0.2
v 0.2 1.3 -0.2
v 0.3 1.3 -0.2
v 0.3 1.4 -0.2
v 0.4 1.3 -0.2
v 0.4 1.4 -0.2
v 0.6 1.9 -0.2
v 0.6 2 -0.2
v 0.7 1.9 -0.2
v 0.7 2 -0.2
v 0.1 2.1 -0.3
v 0.1 2.2 -0.3
v 0.2 1.7 -0.3
v 0.2 1.8 -0.3
v 0.2 2.1 -0.3
v 0.2 2.2 -0.3
v 0.3 1.7 -0.3
v 0.3 1.8 -0.3
v 0.4 0.9 -0.3
v 0.4 1 -0.3
v 0.5 0.9 -0.3
v 0.5 1 -0.3
v -0.1 0.9 -0.4
v -0.1 1 -0.4
v 5.96046e-08 1.3 -0.4
v 5.96046e-08 1.4 -0.4
v 0.1 1.3 -0.4
v 0.1 1.4 -0.4
v 0.4 0.9 -0.4
v 0.4 1 -0.4
v -0.5 1.2 -0.6
v -0.5 1.3 -0.6
v -0.4 1.2 -0.6
v -0.4 1.3 -0.6
v 0.3 1.5 -0.7
v 0.3 1.6 -0.7
v 0.4 1.5 -0.7
v 0.4 1.6 -0.7
v -0.1 1.4 -0.8
v -0.1 1.5 -0.8
v 5.96046e-08 1.4 -0.8
v 5.96046e-08 1.5 -0.8
v -0.4 1.1 -0.9
v -0.4 1.2 -0.9
v -0.3 1.1 -0.9
v -0.3 1.2 -0.9
v -0.5 1.1 -1.1
v -0.5 1.2 -1.1
v -0.4 1.1 -1.1
v -0.4 1.2 -1.1
v 5.96046e-08 1.3 -1.1
v 5.96046e-08 1.4 -1.1
v 0.1 1.3 -1.1
v 0.1 1.4 -1.1
v -0.4 0.9 -1.2
v -0.4 1 -1.2
v -0.3 0.9 -1.2
v -0.3 1 -1.2
v -0.1 0.9 -1.2
v -0.1 1 -1.2
v -0.4 1 -1.3
v -0.4 1.1 -1.3
v -0.3 1 -1.3
v -0.3 1.1 -1.3
v -0.2 0.9 -1.4
v -0.2 1 -1.4
v -0.1 0.9 -1.4
v -0.1 1 -1.4
v 5.96046e-08 0.9 -1.4
v 5.96046e-08 1 -1.4
v 0.2 0.9 -1.4
v 0.2 1 -1.4
v -0.1 0.9 -1.6
v -0.1 1 -1.6
v 5.96046e-08 0.9 -1.6
v 5.96046e-08 1 -1.6
v -0.4 2.8 1.2
v -0.4 2.9 1.2
v -0.3 2.8 1.2
v -0.3 2.9 1.2
v -0.4 2.5 1.1
v -0.4 2.6 1.1
v -0.3 2.5 1.1
v -0.3 2.6 1.1
v 0.5 2.5 1.1
v 0.5 2.6 1.1
v 0.6 2.5 1.1
v 0.6 2.6 1.1
v -0.5 2.6 1
v -0.5 2.7 1
v -0.4 2.7 1
v -0.4 2.8 1
v -0.4 2.9 1
v -0.3 2.6 1
v -0.3 2.7 1
v -0.3 2.8 1
v -0.3 2.9 1
v -0.2 2.6 1
v -0.2 2.7 1
v 0.2 2.6 1
v 0.2 2.7 1
v 0.4 2.5 1
v 0.4 2.6 1
v 0.4 2.7 1
v 0.4 2.8 1
v 0.4 2.9 1
v 0.5 2.5 1
v 0.5 2.8 1
v 0.6 2.8 1
v 0.6 2.9 1
v -0.3 2.5 0.9
v -0.3 2.6 0.9
v -0.3 2.7 0.9
v -0.3 2.8 0.9
v -0.2 2.5 0.9
v -0.2 2.6 0.9
v -0.2 2.7 0.9
v -0.2 2.8 0.9
v -0.1 2.5 0.9
v -0.1 2.6 0.9
v -0.1 2.7 0.9
v 0.3 2.7 0.9
v 0.3 2.8 0.9
v 0.4 2.7 0.9
v 0.4 2.8 0.9
v -0.3 2.1 0.8
v -0.3 2.2 0.8
v -0.3 2.3 0.8
v -0.2 2.1 0.8
v -0.2 2.2 0.8
v -0.2 2.3 0.8
v -0.6 2 0.6
v -0.6 2.2 0.6
v -0.5 2 0.6
v -0.5 2.2 0.6
v -0.6 1.8 0.5
v -0.6 1.9 0.5
v -0.5 1.8 0.5
v -0.5 1.9 0.5
v 0.3 2.9 0.5
v 0.3 3 0.5
v 0.4 2.9 0.5
v 0.4 3 0.5
v -0.3 1.8 0.4
v -0.3 1.9 0.4
v -0.3 2.7 0.4
v -0.3 2.9 0.4
v -0.2 1.8 0.4
v -0.2 1.9 0.4
v -0.2 2.7 0.4
v -0.2 2.9 0.4
v 0.2 1.7 0.4
v 0.2 1.8 0.4
v 0.3 1.7 0.4
v 0.3 1.8 0.4
v -0.5 2.3 0.3
v -0.5 2.4 0.3
v -0.4 2.3 0.3
v -0.4 2.4 0.3
v -0.3 2.6 0.3
v -0.3 2.7 0.3
v -0.2 2.6 0.3
v -0.2 2.7 0.3
v -0.2 2.9 0.3
v -0.2 3 0.3
v -0.1 2.9 0.3
v -0.1 3 0.3
v -0.1 3.1 0.3
v 5.96046e-08 3 0.3
v 5.96046e-08 3.1 0.3
v 0.1 3 0.3
v 0.1 3.1 0.3
v 0.2 2.9 0.3
v 0.2 3 0.3
v 0.2 3.1 0.3
v 0.3 2.8 0.3
v 0.3 2.9 0.3
v 0.3 3 0.3
v 0.4 2.8 0.3
v 0.4 2.9 0.3
v -0.6 0 0.2
v -0.6 0.1 0.2
v -0.5 0 0.2
v -0.5 0.1 0.2
v -0.5 1.3 0.2
v -0.5 1.4 0.2
v -0.5 2.4 0.2
v -0.5 2.5 0.2
v -0.4 0 0.2
v -0.4 0.1 0.2
v -0.4 1.3 0.2
v -0.4 1.4 0.2
v -0.4 2.4 0.2
v -0.4 2.5 0.2
v -0.3 0 0.2
v -0.3 0.1 0.2
v -0.3 2.5 0.2
v -0.3 2.6 0.2
v -0.2 2.5 0.2
v -0.2 2.6 0.2
v -0.2 2.8 0.2
v -0.2 2.9 0.2
v -0.1 2.8 0.2
v -0.1 2.9 0.2
v 5.96046e-08 3 0.2
v 5.96046e-08 3.1 0.2
v 0.1 3 0.2
v 0.1 3.1 0.2
v 0.2 2.7 0.2
v 0.2 2.9 0.2
v 0.3 2.3 0.2
v 0.3 2.4 0.2
v 0.3 2.6 0.2
v 0.3 2.7 0.2
v 0.3 2.8 0.2
v 0.3 2.9 0.2
v 0.4 0 0.2
v 0.4 0.1 0.2
v 0.4 2.3 0.2
v 0.4 2.4 0.2
v 0.4 2.6 0.2
v 0.4 2.8 0.2
v 0.5 0 0.2
v 0.5 0.1 0.2
v 0.6 0 0.2
v 0.6 0.1 0.2
v 0.7 0 0.2
v 0.7 0.1 0.2
v -0.6 2.2 0.1
v -0.6 2.3 0.1
v -0.5 0 0.1
v -0.5 0.1 0.1
v -0.5 2.2 0.1
v -0.5 2.3 0.1
v -0.5 2.4 0.1
v -0.4 0 0.1
v -0.4 0.1 0.1
v -0.4 2.2 0.1
v -0.4 2.3 0.1
v -0.4 2.4 0.1
v -0.4 2.5 0.1
v -0.3 1.3 0.1
v -0.3 1.6 0.1
v -0.3 2.2 0.1
v -0.3 2.3 0.1
v -0.3 2.4 0.1
v -0.3 2.5 0.1
v -0.2 1.3 0.1
v -0.2 1.6 0.1
v -0.2 2.5 0.1
v -0.2 2.8 0.1
v -0.1 2.5 0.1
v -0.1 2.6 0.1
v -0.1 2.8 0.1
v -0.1 3 0.1
v 5.96046e-08 2.6 0.1
v 5.96046e-08 2.7 0.1
v 0.1 2.6 0.1
v 0.1 2.7 0.1
v 0.2 2.5 0.1
v 0.2 2.6 0.1
v 0.2 2.7 0.1
v 0.2 3 0.1
v 0.3 2.2 0.1
v 0.3 2.3 0.1
v 0.3 2.5 0.1
v 0.3 2.6 0.1
v 0.3 2.7 0.1
v 0.4 1.3 0.1
v 0.4 1.4 0.1
v 0.4 2.2 0.1
v 0.4 2.3 0.1
v 0.4 2.5 0.1
v 0.4 2.6 0.1
v 0.5 0 0.1
v 0.5 0.1 0.1
v 0.5 1.3 0.1
v 0.5 1.4 0.1
v 0.6 0 0.1
v 0.6 0.1 0.1
v -0.7 2 0
v -0.7 2.2 0
v -0.6 2 0
v -0.6 2.1 0
v -0.5 0.1 0
v -0.5 0.7 0
v -0.5 2.1 0
v -0.5 2.2 0
v -0.5 2.3 0
v -0.4 0.1 0
v -0.4 0.7 0
v -0.4 2.2 0
v -0.4 2.3 0
v -0.3 2.2 0
v -0.3 2.4 0
v -0.3 2.5 0
v -0.2 2.4 0
v -0.2 2.5 0
v -0.1 2.2 0
v -0.1 2.3 0
v -0.1 2.5 0
v -0.1 2.6 0
v 5.96046e-08 2.6 0
v 5.96046e-08 2.7 0
v 0.1 2.6 0
v 0.1 2.7 0
v 0.2 1.8 0
v 0.2 2 0
v 0.2 2.5 0
v 0.2 2.6 0
v 0.3 1.8 0
v 0.3 2 0
v 0.3 2.1 0
v 0.3 2.2 0
v 0.3 2.3 0
v 0.3 2.5 0
v 0.4 2.1 0
v 0.4 2.2 0
v 0.5 0.1 0
v 0.5 0.7 0
v 0.6 0.1 0
v 0.6 0.7 0
v -0.7 1.7 -0.1
v -0.7 2 -0.1
v -0.6 0.7 -0.1
v -0.6 0.9 -0.1
v -0.6 1.3 -0.1
v -0.6 1.6 -0.1
v -0.6 1.7 -0.1
v -0.6 1.8 -0.1
v -0.6 2 -0.1
v -0.6 2.1 -0.1
v -0.5 0.8 -0.1
v -0.5 0.9 -0.1
v -0.5 1.3 -0.1
v -0.5 1.4 -0.1
v -0.5 1.8 -0.1
v -0.5 2 -0.1
v -0.5 2.1 -0.1
v -0.5 2.2 -0.1
v -0.4 0.7 -0.1
v -0.4 0.8 -0.1
v -0.4 1.4 -0.1
v -0.4 1.6 -0.1
v -0.4 1.7 -0.1
v -0.4 1.8 -0.1
v -0.4 2 -0.1
v -0.4 2.2 -0.1
v -0.3 0.9 -0.1
v -0.3 1 -0.1
v -0.3 1.2 -0.1
v -0.3 1.3 -0.1
v -0.3 1.7 -0.1
v -0.3 1.8 -0.1
v -0.3 2 -0.1
v -0.3 2.1 -0.1
v -0.2 0.9 -0.1
v -0.2 1 -0.1
v -0.2 1.2 -0.1
v -0.2 1.3 -0.1
v -0.2 2 -0.1
v -0.2 2.1 -0.1
v -0.2 2.2 -0.1
v -0.1 2 -0.1
v -0.1 2.1 -0.1
v -0.1 2.2 -0.1
v -0.1 2.3 -0.1
v 0.1 1.2 -0.1
v 0.1 1.3 -0.1
v 0.2 1.2 -0.1
v 0.2 1.3 -0.1
v 0.2 2.1 -0.1
v 0.2 2.2 -0.1
v 0.3 1.3 -0.1
v 0.3 1.4 -0.1
v 0.3 2.1 -0.1
v 0.3 2.3 -0.1
v 0.4 0.7 -0.1
v 0.4 0.9 -0.1
v 0.4 1.3 -0.1
v 0.4 1.4 -0.1
v 0.5 0.8 -0.1
v 0.5 0.9 -0.1
v 0.7 0.7 -0.1
v 0.7 0.8 -0.1
v -0.7 1.6 -0.2
v -0.7 1.7 -0.2
v -0.6 1.2 -0.2
v -0.6 1.3 -0.2
v -0.6 1.7 -0.2
v -0.5 0.8 -0.2
v -0.5 0.9 -0.2
v -0.5 1.2 -0.2
v -0.5 1.3 -0.2
v -0.5 1.4 -0.2
v -0.5 1.6 -0.2
v -0.5 1.7 -0.2
v -0.5 1.9 -0.2
v -0.5 2 -0.2
v -0.4 0.7 -0.2
v -0.4 0.8 -0.2
v -0.4 1.3 -0.2
v -0.4 1.4 -0.2
v -0.4 1.9 -0.2
v -0.4 2 -0.2
v -0.3 0.7 -0.2
v -0.3 0.9 -0.2
v -0.3 2 -0.2
v -0.3 2.1 -0.2
v -0.2 2 -0.2
v -0.2 2.1 -0.2
v -0.2 2.2 -0.2
v -0.1 2.1 -0.2
v -0.1 2.2 -0.2
v 0.1 2.1 -0.2
v 0.1 2.2 -0.2
v 0.2 1.7 -0.2
v 0.2 1.8 -0.2
v 0.2 2.1 -0.2
v 0.2 2.2 -0.2
v 0.3 0.9 -0.2
v 0.3 1 -0.2
v 0.3 1.7 -0.2
v 0.3 1.8 -0.2
v 0.3 2 -0.2
v 0.3 2.1 -0.2
v 0.4 2 -0.2
v 0.4 2.1 -0.2
v 0.5 0.8 -0.2
v 0.5 0.9 -0.2
v 0.5 1 -0.2
v 0.6 0.9 -0.2
v 0.6 1 -0.2
v 0.7 0.8 -0.2
v 0.7 1 -0.2
v -0.6 0.9 -0.3
v -0.6 1.2 -0.3
v -0.6 1.7 -0.3
v -0.6 1.9 -0.3
v -0.5 1 -0.3
v -0.5 1.2 -0.3
v -0.5 1.6 -0.3
v -0.5 1.7 -0.3
v -0.4 0.9 -0.3
v -0.4 1 -0.3
v -0.4 1.6 -0.3
v -0.4 1.7 -0.3
v -0.4 1.9 -0.3
v -0.4 2 -0.3
v -0.3 1.7 -0.3
v -0.3 1.8 -0.3
v -0.2 1.8 -0.3
v -0.2 1.9 -0.3
v -0.2 2 -0.3
v -0.2 2.1 -0.3
v -0.1 2.1 -0.3
v -0.1 2.2 -0.3
v 5.96046e-08 1.3 -0.3
v 5.96046e-08 1.4 -0.3
v 0.1 1.3 -0.3
v 0.1 1.4 -0.3
v 0.1 2 -0.3
v 0.1 2.1 -0.3
v 0.1 2.2 -0.3
v 0.2 2 -0.3
v 0.2 2.1 -0.3
v 0.3 2 -0.3
v 0.3 2.1 -0.3
v 0.4 1.9 -0.3
v 0.4 2 -0.3
v 0.5 0.9 -0.3
v 0.5 1 -0.3
v 0.5 1.9 -0.3
v 0.5 2 -0.3
v 0.6 0.9 -0.3
v 0.6 1 -0.3
v 0.6 1.1 -0.3
v 0.7 1 -0.3
v 0.7 1.1 -0.3
v -0.2 1.9 -0.4
v -0.2 2 -0.4
v 5.96046e-08 1.9 -0.4
v 5.96046e-08 2 -0.4
v 0.1 2 -0.4
v 0.1 2.1 -0.4
v 0.1 2.2 -0.4
v 0.2 2 -0.4
v 0.2 2.1 -0.4
v 0.2 2.2 -0.4
v 0.3 1.9 -0.4
v 0.3 2 -0.4
v 0.4 1.8 -0.4
v 0.4 1.9 -0.4
v 0.4 2 -0.4
v 0.5 1 -0.4
v 0.5 1.1 -0.4
v 0.5 1.8 -0.4
v 0.5 1.9 -0.4
v 0.6 1 -0.4
v 0.6 1.1 -0.4
v 0.6 1.3 -0.4
v 0.6 1.4 -0.4
v 0.7 1.1 -0.4
v 0.7 1.4 -0.4
v -0.5 1.2 -0.5
v -0.5 1.3 -0.5
v -0.4 0.9 -0.5
v -0.4 1 -0.5
v -0.4 1.2 -0.5
v -0.4 1.3 -0.5
v -0.4 1.5 -0.5
v -0.4 1.7 -0.5
v -0.3 0.9 -0.5
v -0.3 1 -0.5
v -0.3 1.5 -0.5
v -0.3 1.7 -0.5
v -0.3 1.8 -0.5
v -0.2 1.7 -0.5
v -0.2 1.8 -0.5
v 5.96046e-08 1.9 -0.5
v 5.96046e-08 2 -0.5
v 0.3 1.7 -0.5
v 0.3 1.9 -0.5
v 0.3 2 -0.5
v 0.4 0.9 -0.5
v 0.4 1 -0.5
v 0.4 1.7 -0.5
v 0.4 1.8 -0.5
v 0.4 1.9 -0.5
v 0.5 0.9 -0.5
v 0.5 1 -0.5
v 0.5 1.1 -0.5
v 0.5 1.3 -0.5
v 0.5 1.4 -0.5
v 0.6 1.1 -0.5
v 0.6 1.3 -0.5
v 0.6 1.4 -0.5
v 0.6 1.9 -0.5
v 0.6 2 -0.5
v 0.7 1.4 -0.5
v 0.7 1.5 -0.5
v 0.7 1.9 -0.5
v 0.7 2 -0.5
v 0.8 1.4 -0.5
v 0.8 1.5 -0.5
v -0.2 1.8 -0.6
v -0.2 1.9 -0.6
v 0.3 1.5 -0.6
v 0.3 1.6 -0.6
v 0.3 1.7 -0.6
v 0.3 1.8 -0.6
v 0.3 1.9 -0.6
v 0.4 1.5 -0.6
v 0.4 1.6 -0.6
v 0.4 1.7 -0.6
v 0.6 1.4 -0.6
v 0.6 1.5 -0.6
v 0.7 1.4 -0.6
v 0.7 1.5 -0.6
v 0.7 1.7 -0.6
v 0.7 1.8 -0.6
v 0.7 1.9 -0.6
v 0.8 1.5 -0.6
v 0.8 1.7 -0.6
v 0.8 1.8 -0.6
v 0.8 1.9 -0.6
v -0.4 1.4 -0.7
v -0.4 1.5 -0.7
v -0.3 1.4 -0.7
v -0.3 1.5 -0.7
v -0.3 1.6 -0.7
v -0.3 1.7 -0.7
v -0.2 1.6 -0.7
v -0.2 1.7 -0.7
v -0.2 1.8 -0.7
v -0.1 1.4 -0.7
v -0.1 1.5 -0.7
v 5.96046e-08 1.4 -0.7
v 5.96046e-08 1.5 -0.7
v 0.3 1.7 -0.7
v 0.3 1.8 -0.7
v 0.4 1 -0.7
v 0.4 1.1 -0.7
v 0.4 1.7 -0.7
v 0.4 1.8 -0.7
v 0.5 1 -0.7
v 0.5 1.1 -0.7
v 0.5 1.8 -0.7
v 0.5 1.9 -0.7
v 0.7 1.7 -0.7
v 0.7 1.8 -0.7
v 0.7 1.9 -0.7
v 0.8 1.7 -0.7
v 0.8 1.8 -0.7
v -0.5 1.2 -0.8
v -0.5 1.3 -0.8
v -0.4 1.1 -0.8
v -0.4 1.2 -0.8
v -0.4 1.3 -0.8
v -0.4 1.4 -0.8
v -0.3 1.1 -0.8
v -0.3 1.2 -0.8
v -0.3 1.3 -0.8
v -0.3 1.4 -0.8
v -0.3 1.5 -0.8
v -0.3 1.6 -0.8
v -0.2 1.5 -0.8
v -0.2 1.6 -0.8
v 0.3 0.9 -0.8
v 0.3 1 -0.8
v 0.4 0.9 -0.8
v 0.4 1 -0.8
v 0.4 1.1 -0.8
v 0.4 1.2 -0.8
v 0.4 1.6 -0.8
v 0.4 1.7 -0.8
v 0.5 1.1 -0.8
v 0.5 1.2 -0.8
v 0.6 1.5 -0.8
v 0.6 1.6 -0.8
v 0.7 1.5 -0.8
v 0.7 1.7 -0.8
v -0.5 1.1 -0.9
v -0.5 1.2 -0.9
v -0.4 1.1 -0.9
v -0.4 1.2 -0.9
v -0.3 1.4 -0.9
v -0.3 1.5 -0.9
v -0.2 1.4 -0.9
v -0.2 1.5 -0.9
v 0.2 1.6 -0.9
v 0.2 1.7 -0.9
v 0.3 1.4 -0.9
v 0.3 1.6 -0.9
v 0.3 1.7 -0.9
v 0.4 1.3 -0.9
v 0.4 1.4 -0.9
v 0.5 1.3 -0.9
v 0.5 1.4 -0.9
v 0.6 1.4 -0.9
v 0.6 1.6 -0.9
v -0.4 1.2 -1
v -0.4 1.3 -1
v -0.3 1.2 -1
v -0.3 1.3 -1
v -0.3 1.4 -1
v -0.2 1.3 -1
v -0.2 1.4 -1
v -0.2 1.6 -1
v -0.2 1.7 -1
v -0.1 1.6 -1
v -0.1 1.7 -1
v 5.96046e-08 1.3 -1
v 5.96046e-08 1.4 -1
v 0.1 1.3 -1
v 0.1 1.4 -1
v 0.2 0.9 -1
v 0.2 1 -1
v 0.3 0.9 -1
v 0.3 1 -1
v 0.3 1.1 -1
v 0.4 1 -1
v 0.4 1.1 -1
v -0.5 1 -1.1
v -0.5 1.1 -1.1
v -0.4 1 -1.1
v -0.4 1.1 -1.1
v -0.3 0.9 -1.1
v -0.3 1 -1.1
v -0.3 1.1 -1.1
v -0.2 1.4 -1.1
v -0.2 1.6 -1.1
v -0.1 1.4 -1.1
v -0.1 1.5 -1.1
v -0.1 1.6 -1.1
v -0.1 1.7 -1.1
v 0.1 1.6 -1.1
v 0.1 1.7 -1.1
v 0.2 0.9 -1.1
v 0.2 1 -1.1
v 0.2 1.6 -1.1
v 0.3 1.2 -1.1
v 0.3 1.3 -1.1
v 0.3 1.4 -1.1
v 0.3 1.5 -1.1
v 0.3 1.6 -1.1
v 0.4 1.2 -1.1
v 0.4 1.3 -1.1
v 0.4 1.4 -1.1
v 0.5 1.2 -1.1
v 0.5 1.3 -1.1
v -0.3 1.2 -1.2
v -0.3 1.3 -1.2
v -0.2 1.2 -1.2
v -0.2 1.3 -1.2
v -0.2 1.4 -1.2
v -0.1 1.3 -1.2
v -0.1 1.4 -1.2
v -0.1 1.5 -1.2
v 5.96046e-08 1.4 -1.2
v 5.96046e-08 1.5 -1.2
v 0.1 1.6 -1.2
v 0.1 1.7 -1.2
v 0.2 1.4 -1.2
v 0.2 1.5 -1.2
v 0.2 1.6 -1.2
v 0.2 1.7 -1.2
v 0.3 1.1 -1.2
v 0.3 1.2 -1.2
v 0.3 1.4 -1.2
v 0.3 1.5 -1.2
v 0.4 1.1 -1.2
v 0.4 1.2 -1.2
v -0.5 1.1 -1.3
v -0.5 1.2 -1.3
v -0.4 0.9 -1.3
v -0.4 1 -1.3
v -0.4 1.1 -1.3
v -0.4 1.2 -1.3
v -0.3 0.9 -1.3
v -0.3 1 -1.3
v -0.2 0.9 -1.3
v -0.2 1 -1.3
v -0.1 0.9 -1.3
v -0.1 1 -1.3
v 5.96046e-08 1.4 -1.3
v 5.96046e-08 1.5 -1.3
v 0.2 1.1 -1.3
v 0.2 1.3 -1.3
v 0.2 1.4 -1.3
v 0.2 1.5 -1.3
v 0.3 1.1 -1.3
v 0.3 1.3 -1.3
v 0.3 1.4 -1.3
v -0.4 1.1 -1.4
v -0.4 1.2 -1.4
v -0.3 0.9 -1.4
v -0.3 1 -1.4
v -0.3 1.1 -1.4
v -0.3 1.2 -1.4
v -0.2 0.9 -1.4
v -0.2 1 -1.4
v -0.2 1.1 -1.4
v -0.2 1.2 -1.4
v -0.2 1.3 -1.4
v -0.1 1.2 -1.4
v -0.1 1.3 -1.4
v -0.1 1.4 -1.4
v 0.1 1.3 -1.4
v 0.1 1.4 -1.4
v -0.4 1 -1.5
v -0.4 1.1 -1.5
v -0.3 1 -1.5
v -0.3 1.1 -1.5
v -0.2 1 -1.5
v -0.2 1.1 -1.5
v 0.1 1.2 -1.5
v 0.1 1.3 -1.5
v 0.1 1.4 -1.5
v 0.2 1.2 -1.5
v 0.2 1.4 -1.5
v -0.2 1.1 -1.6
v -0.2 1.2 -1.6
v -0.1 1.1 -1.6
v -0.1 1.2 -1.6
v -0.2 0.9 -1.7
v -0.2 1.1 -1.7
v -0.1 0.9 -1.7
v -0.1 1.1 -1.7
v -0.1 1.2 -1.7
v -0.1 1.3 -1.7
v 0.1 1.2 -1.7
v 0.1 1.3 -1.7
v 0.2 1 -1.7
v 0.2 1.1 -1.7
v 0.3 1 -1.7
v 0.3 1.1 -1.7
v -0.1 0.9 -1.8
v -0.1 1.1 -1.8
v -0.1 1.2 -1.8
v 5.96046e-08 0.9 -1.8
v 5.96046e-08 1 -1.8
v 5.96046e-08 1.1 -1.8
v 5.96046e-08 1.2 -1.8
v 0.1 1.1 -1.8
v 0.1 1.2 -1.8
v 0.2 1.1 -1.8
v 0.2 1.2 -1.8
v 5.96046e-08 0.9 -1.9
v 5.96046e-08 1 -1.9
v 5.96046e-08 1.2 -1.9
v 0.1 0.9 -1.9
v 0.1 1 -1.9
v 0.1 1.1 -1.9
v 0.1 1.2 -1.9
v 0.1 0.9 -2
v 0.1 1.1 -2
v 0.2 0.9 -2
v 0.2 1.1 -2
v -0.6 0 0.4
v -0.3 0 0.4
v 0.4 0 0.4
v 0.7 0 0.4
v -0.6 0 0.2
v -0.5 0 0.2
v -0.4 0 0.2
v -0.3 0 0.2
v 0.4 0 0.2
v 0.5 0 0.2
v 0.6 0 0.2
v 0.7 0 0.2
v -0.5 0 0.1
v -0.4 0 0.1
v 0.5 0 0.1
v 0.6 0 0.1
v -0.5 0.1 0.1
v -0.4 0.1 0.1
v 0.5 0.1 0.1
v 0.6 0.1 0.1
v -0.5 0.1 0
v -0.4 0.1 0
v 0.5 0.1 0
v 0.6 0.1 0
v -0.5 0.5 0.2
v -0.4 0.5 0.2
v 0.5 0.5 0.2
v 0.6 0.5 0.2
v -0.5 0.5 0.1
v -0.4 0.5 0.1
v 0.5 0.5 0.1
v 0.6 0.5 0.1
v -0.6 0.7 0.2
v -0.3 0.7 0.2
v 0.4 0.7 0.2
v 0.7 0.7 0.2
v -0.5 0.7 0.1
v -0.4 0.7 0.1
v 0.5 0.7 0.1
v 0.6 0.7 0.1
v -0.5 0.7 0
v -0.4 0.7 0
v 0.5 0.7 0
v 0.6 0.7 0
v -0.6 0.7 -0.1
v -0.4 0.7 -0.1
v 0.4 0.7 -0.1
v 0.7 0.7 -0.1
v -0.4 0.7 -0.2
v -0.3 0.7 -0.2
v -0.6 0.8 0.3
v -0.3 0.8 0.3
v -0.6 0.8 0.2
v -0.3 0.8 0.2
v -0.5 0.8 -0.1
v -0.4 0.8 -0.1
v 0.5 0.8 -0.1
v 0.7 0.8 -0.1
v -0.5 0.8 -0.2
v -0.4 0.8 -0.2
v 0.5 0.8 -0.2
v 0.7 0.8 -0.2
v -0.3 0.9 0.2
v -0.2 0.9 0.2
v 0.3 0.9 0.2
v 0.4 0.9 0.2
v -0.6 0.9 -0.1
v -0.5 0.9 -0.1
v -0.3 0.9 -0.1
v -0.2 0.9 -0.1
v 0.4 0.9 -0.1
v 0.5 0.9 -0.1
v -0.5 0.9 -0.2
v -0.3 0.9 -0.2
v -0.1 0.9 -0.2
v 0.3 0.9 -0.2
v 0.5 0.9 -0.2
v 0.6 0.9 -0.2
v -0.6 0.9 -0.3
v -0.4 0.9 -0.3
v 0.4 0.9 -0.3
v 0.5 0.9 -0.3
v 0.6 0.9 -0.3
v -0.1 0.9 -0.4
v 0.4 0.9 -0.4
v -0.4 0.9 -0.5
v -0.3 0.9 -0.5
v 0.4 0.9 -0.5
v 0.5 0.9 -0.5
v 0.3 0.9 -0.8
v 0.4 0.9 -0.8
v 0.2 0.9 -1
v 0.3 0.9 -1
v -0.3 0.9 -1.1
v 0.2 0.9 -1.1
v -0.4 0.9 -1.2
v -0.3 0.9 -1.2
v -0.1 0.9 -1.2
v -0.4 0.9 -1.3
v -0.3 0.9 -1.3
v -0.2 0.9 -1.3
v -0.1 0.9 -1.3
v -0.3 0.9 -1.4
v -0.2 0.9 -1.4
v -0.1 0.9 -1.4
v 5.96046e-08 0.9 -1.4
v 0.2 0.9 -1.4
v -0.1 0.9 -1.6
v 5.96046e-08 0.9 -1.6
v -0.2 0.9 -1.7
v -0.1 0.9 -1.7
v -0.1 0.9 -1.8
v 5.96046e-08 0.9 -1.8
v 0.1 0.9 -1.8
v 0.2 0.9 -1.8
v 5.96046e-08 0.9 -1.9
v 0.1 0.9 -1.9
v 0.1 0.9 -2
v 0.2 0.9 -2
v -0.2 1 0.4
v 0.2 1 0.4
v -0.3 1 0.3
v -0.2 1 0.3
v 0.2 1 0.3
v 0.7 1 0.3
v -0.3 1 0.2
v -0.2 1 0.2
v 0.3 1 0.2
v 0.7 1 0.2
v -0.3 1 -0.1
v -0.2 1 -0.1
v -0.3 1 -0.2
v -0.1 1 -0.2
v 0.3 1 -0.2
v 0.5 1 -0.2
v 0.6 1 -0.2
v 0.7 1 -0.2
v -0.5 1 -0.3
v -0.4 1 -0.3
v 0.4 1 -0.3
v 0.5 1 -0.3
v 0.6 1 -0.3
v 0.7 1 -0.3
v -0.1 1 -0.4
v 0.4 1 -0.4
v 0.5 1 -0.4
v 0.6 1 -0.4
v -0.4 1 -0.5
v -0.3 1 -0.5
v 0.4 1 -0.5
v 0.5 1 -0.5
v -0.5 1 -0.7
v -0.4 1 -0.7
v 0.4 1 -0.7
v 0.5 1 -0.7
v -0.5 1 -0.8
v -0.4 1 -0.8
v 0.3 1 -0.8
v 0.4 1 -0.8
v -0.4 1 -1
v -0.3 1 -1
v 0.2 1 -1
v 0.3 1 -1
v 0.4 1 -1
v -0.5 1 -1.1
v -0.4 1 -1.1
v -0.3 1 -1.1
v 0.2 1 -1.1
v -0.3 1 -1.2
v -0.1 1 -1.2
v -0.4 1 -1.3
v -0.3 1 -1.3
v -0.2 1 -1.3
v -0.1 1 -1.3
v 0.3 1 -1.3
v -0.3 1 -1.4
v -0.2 1 -1.4
v -0.1 1 -1.4
v 5.96046e-08 1 -1.4
v 0.2 1 -1.4
v -0.4 1 -1.5
v -0.3 1 -1.5
v -0.2 1 -1.5
v -0.1 1 -1.6
v 5.96046e-08 1 -1.6
v 0.2 1 -1.7
v 0.3 1 -1.7
v -0.3 1.1 0.4
v -0.2 1.1 0.4
v 0.2 1.1 0.4
v 0.3 1.1 0.4
v 0.7 1.1 0.4
v -0.3 1.1 0.3
v -0.2 1.1 0.3
v 0.2 1.1 0.3
v 0.3 1.1 0.3
v 0.7 1.1 0.3
v 0.6 1.1 -0.3
v 0.7 1.1 -0.3
v 0.5 1.1 -0.4
v 0.6 1.1 -0.4
v 0.7 1.1 -0.4
v 0.5 1.1 -0.5
v 0.6 1.1 -0.5
v 0.4 1.1 -0.7
v 0.5 1.1 -0.7
v 0.4 1.1 -0.8
v 0.5 1.1 -0.8
v 0.3 1.1 -1
v 0.4 1.1 -1
v -0.5 1.1 -1.1
v -0.4 1.1 -1.1
v -0.3 1.1 -1.1
v 0.3 1.1 -1.1
v 0.4 1.1 -1.1
v 0.3 1.1 -1.2
v 0.4 1.1 -1.2
v -0.5 1.1 -1.3
v -0.4 1.1 -1.3
v -0.3 1.1 -1.3
v 0.1 1.2 0.6
v 0.4 1.2 0.6
v -0.5 1.2 0.5
v 0.1 1.2 0.5
v 0.4 1.2 0.5
v -0.3 1.2 0.4
v 0.3 1.2 0.4
v 0.4 1.2 0.4
v -0.5 1.2 0.3
v -0.3 1.2 0.3
v -0.4 1.2 -0.8
v -0.3 1.2 -0.8
v 0.4 1.2 -0.8
v 0.5 1.2 -0.8
v -0.4 1.2 -0.9
v -0.3 1.2 -0.9
v 0.4 1.2 -1.1
v 0.5 1.2 -1.1
v -0.1 1.3 0.7
v 0.2 1.3 0.7
v -0.3 1.3 0.6
v -0.1 1.3 0.6
v 0.1 1.3 0.6
v 0.2 1.3 0.6
v -0.3 1.3 0.5
v 0.1 1.3 0.5
v 0.4 1.3 0.5
v 0.5 1.3 0.5
v -0.6 1.3 0.4
v -0.5 1.3 0.4
v 0.4 1.3 0.4
v 0.5 1.3 0.4
v 0.6 1.3 0.4
v -0.6 1.3 0.3
v -0.5 1.3 0.3
v 0.5 1.3 0.3
v 0.6 1.3 0.3
v -0.3 1.3 -0.1
v -0.2 1.3 -0.1
v 0.1 1.3 -0.1
v 0.2 1.3 -0.1
v -0.3 1.3 -0.2
v -0.2 1.3 -0.2
v 0.1 1.3 -0.2
v 0.2 1.3 -0.2
v -0.2 1.4 0.7
v -0.1 1.4 0.7
v -0.2 1.4 0.6
v -0.1 1.4 0.6
v -0.5 1.4 0.2
v -0.4 1.4 0.2
v -0.5 1.4 0.1
v -0.4 1.4 0.1
v 0.4 1.4 0.1
v 0.5 1.4 0.1
v 0.7 1.4 0.1
v 0.8 1.4 0.1
v 0.4 1.4 0
v 0.5 1.4 0
v 0.3 1.4 -0.1
v 0.4 1.4 -0.1
v 0.3 1.4 -0.2
v 0.4 1.4 -0.2
v 5.96046e-08 1.4 -0.3
v 0.1 1.4 -0.3
v 5.96046e-08 1.4 -0.4
v 0.1 1.4 -0.4
v 0.6 1.4 -0.4
v 0.7 1.4 -0.4
v 0.5 1.4 -0.5
v 0.6 1.4 -0.5
v 0.7 1.4 -0.5
v 0.8 1.4 -0.5
v 0.5 1.4 -0.6
v 0.6 1.4 -0.6
v 0.7 1.4 -0.6
v 0.5 1.4 -0.9
v 0.6 1.4 -0.9
v 5.96046e-08 1.4 -1
v 0.1 1.4 -1
v 5.96046e-08 1.4 -1.1
v 0.1 1.4 -1.1
v 0.2 1.5 0.8
v 0.4 1.5 0.8
v -0.3 1.5 0.7
v -0.2 1.5 0.7
v 5.96046e-08 1.5 0.7
v 0.1 1.5 0.7
v 0.2 1.5 0.7
v 0.3 1.5 0.7
v 0.4 1.5 0.7
v 0.5 1.5 0.7
v -0.3 1.5 0.6
v -0.2 1.5 0.6
v 5.96046e-08 1.5 0.6
v 0.1 1.5 0.6
v 0.2 1.5 0.6
v 0.2 1.5 0.5
v 0.3 1.5 0.5
v 0.5 1.5 0.5
v 0.7 1.5 0.2
v 0.8 1.5 0.2
v 0.7 1.5 0.1
v 0.8 1.5 0.1
v 0.7 1.5 -0.5
v 0.8 1.5 -0.5
v 0.6 1.5 -0.6
v 0.7 1.5 -0.6
v 0.8 1.5 -0.6
v -0.1 1.5 -0.7
v 5.96046e-08 1.5 -0.7
v -0.1 1.5 -0.8
v 5.96046e-08 1.5 -0.8
v 0.6 1.5 -0.8
v 0.7 1.5 -0.8
v 5.96046e-08 1.6 0.9
v 0.3 1.6 0.9
v -0.2 1.6 0.8
v 5.96046e-08 1.6 0.8
v 0.2 1.6 0.8
v 0.3 1.6 0.8
v -0.4 1.6 0.7
v -0.3 1.6 0.7
v -0.2 1.6 0.7
v -0.1 1.6 0.7
v 0.1 1.6 0.7
v 0.2 1.6 0.7
v -0.5 1.6 0.6
v -0.4 1.6 0.6
v -0.3 1.6 0.6
v -0.4 1.6 0.5
v -0.3 1.6 0.5
v -0.5 1.6 0.4
v -0.4 1.6 0.4
v -0.6 1.6 0.3
v -0.5 1.6 0.3
v -0.6 1.6 0.2
v -0.5 1.6 0.2
v -0.3 1.6 0.1
v -0.2 1.6 0.1
v -0.7 1.6 0
v -0.6 1.6 0
v -0.3 1.6 0
v -0.2 1.6 0
v -0.6 1.6 -0.1
v -0.4 1.6 -0.1
v -0.7 1.6 -0.2
v -0.5 1.6 -0.2
v -0.5 1.6 -0.3
v -0.4 1.6 -0.3
v 0.1 1.6 -1.1
v 0.2 1.6 -1.1
v 0.1 1.6 -1.2
v 0.2 1.6 -1.2
v -0.3 1.7 0.9
v -0.2 1.7 0.9
v 5.96046e-08 1.7 0.9
v -0.4 1.7 0.8
v -0.3 1.7 0.8
v -0.2 1.7 0.8
v 5.96046e-08 1.7 0.8
v -0.5 1.7 0.7
v -0.4 1.7 0.7
v -0.3 1.7 0.7
v -0.2 1.7 0.7
v -0.5 1.7 0.6
v -0.4 1.7 0.6
v -0.7 1.7 0.1
v -0.6 1.7 0.1
v -0.7 1.7 0
v -0.6 1.7 0
v -0.6 1.7 -0.2
v -0.5 1.7 -0.2
v -0.6 1.7 -0.3
v -0.5 1.7 -0.3
v 0.7 1.7 -0.6
v 0.8 1.7 -0.6
v 0.7 1.7 -0.7
v 0.8 1.7 -0.7
v -0.3 1.8 1
v -0.2 1.8 1
v 0.1 1.8 1
v -0.3 1.8 0.9
v -0.2 1.8 0.9
v 0.1 1.8 0.9
v -0.6 1.8 0.7
v -0.5 1.8 0.7
v -0.6 1.8 0.5
v -0.5 1.8 0.5
v -0.6 1.8 0.4
v -0.5 1.8 0.4
v 0.2 1.8 0.4
v 0.3 1.8 0.4
v -0.6 1.8 0.3
v -0.5 1.8 0.3
v -0.7 1.8 0.2
v -0.6 1.8 0.2
v -0.7 1.8 0.1
v -0.6 1.8 0.1
v 0.2 1.8 0.1
v 0.3 1.8 0.1
v -0.4 1.8 -0.1
v -0.3 1.8 -0.1
v -0.4 1.8 -0.2
v -0.3 1.8 -0.2
v 0.2 1.8 -0.2
v 0.3 1.8 -0.2
v 0.2 1.8 -0.3
v 0.3 1.8 -0.3
v -0.3 1.9 1.1
v -0.2 1.9 1.1
v -0.3 1.9 1
v -0.2 1.9 1
v -0.4 1.9 0.9
v -0.3 1.9 0.9
v -0.5 1.9 0.8
v -0.4 1.9 0.8
v -0.3 1.9 0.8
v -0.5 1.9 0.7
v -0.4 1.9 0.7
v -0.6 1.9 0.5
v -0.5 1.9 0.5
v -0.6 1.9 0.4
v -0.5 1.9 0.4
v -0.3 1.9 0.4
v -0.2 1.9 0.4
v -0.3 1.9 0.3
v -0.2 1.9 0.3
v -0.4 2 1
v -0.3 2 1
v -0.5 2 0.9
v -0.4 2 0.9
v -0.3 2 0.9
v -0.6 2 0.8
v -0.5 2 0.8
v -0.4 2 0.8
v -0.5 2 0.7
v -0.6 2 0.6
v -0.5 2 0.6
v -0.7 2 0.2
v -0.6 2 0.2
v -0.7 2 0.1
v -0.6 2 0.1
v 0.2 2 0
v 0.3 2 0
v 0.2 2 -0.1
v 0.3 2 -0.1
v 0.3 2.1 0.4
v 0.4 2.1 0.4
v 0.3 2.1 0.3
v 0.4 2.1 0.3
v -0.2 2.1 -0.1
v -0.1 2.1 -0.1
v -0.2 2.1 -0.2
v -0.1 2.1 -0.2
v -0.1 2.3 0.7
v 0.1 2.3 0.7
v -0.1 2.3 0.6
v 0.1 2.3 0.6
v 0.1 2.4 0.7
v 0.2 2.4 0.7
v 0.1 2.4 0.6
v 0.2 2.4 0.6
v -0.5 2.4 0.3
v -0.4 2.4 0.3
v -0.5 2.4 0.2
v -0.4 2.4 0.2
v -0.4 2.5 1.2
v -0.1 2.5 1.2
v 0.4 2.5 1.2
v 0.6 2.5 1.2
v -0.4 2.5 1.1
v -0.3 2.5 1.1
v -0.1 2.5 1.1
v 5.96046e-08 2.5 1.1
v 0.1 2.5 1.1
v 0.5 2.5 1.1
v 0.6 2.5 1.1
v -0.3 2.5 1
v -0.2 2.5 1
v -0.1 2.5 1
v 5.96046e-08 2.5 1
v 0.1 2.5 1
v 0.2 2.5 1
v 0.4 2.5 1
v 0.5 2.5 1
v -0.3 2.5 0.9
v -0.2 2.5 0.9
v -0.1 2.5 0.9
v -0.1 2.5 0.8
v 0.2 2.5 0.8
v -0.3 2.5 0.7
v -0.2 2.5 0.7
v -0.1 2.5 0.7
v 0.2 2.5 0.7
v 0.3 2.5 0.7
v -0.3 2.5 0.6
v -0.2 2.5 0.6
v 0.2 2.5 0.6
v 0.3 2.5 0.6
v 0.4 2.5 0.6
v 0.3 2.5 0.1
v 0.4 2.5 0.1
v 5.96046e-08 2.6 1.5
v 0.1 2.6 1.5
v -0.4 2.6 1.4
v -0.3 2.6 1.4
v -0.1 2.6 1.4
v 5.96046e-08 2.6 1.4
v 0.1 2.6 1.4
v 0.2 2.6 1.4
v -0.5 2.6 1.3
v -0.4 2.6 1.3
v -0.3 2.6 1.3
v -0.2 2.6 1.3
v 0.1 2.6 1.3
v 0.2 2.6 1.3
v -0.4 2.6 1.2
v -0.2 2.6 1.2
v -0.1 2.6 1.2
v 0.2 2.6 1.2
v 0.4 2.6 1.2
v -0.4 2.6 1.1
v -0.3 2.6 1.1
v -0.1 2.6 1.1
v 5.96046e-08 2.6 1.1
v 0.1 2.6 1.1
v -0.5 2.6 1
v -0.3 2.6 1
v 0.1 2.6 1
v 0.2 2.6 1
v 0.4 2.6 1
v -0.2 2.6 0.8
v -0.1 2.6 0.8
v 0.2 2.6 0.8
v 0.3 2.6 0.8
v -0.2 2.6 0.7
v -0.1 2.6 0.7
v 0.2 2.6 0.7
v 0.3 2.6 0.7
v 0.4 2.6 0.7
v 0.3 2.6 0.6
v 0.4 2.6 0.6
v 0.4 2.7 1.2
v 0.5 2.7 1.2
v 0.4 2.7 1.1
v 0.5 2.7 1.1
v -0.3 2.7 1
v -0.2 2.7 1
v 0.2 2.7 1
v 0.4 2.7 1
v -0.3 2.7 0.9
v -0.2 2.7 0.9
v -0.1 2.7 0.9
v 0.2 2.7 0.9
v 0.3 2.7 0.9
v 0.4 2.7 0.9
v -0.2 2.7 0.8
v -0.1 2.7 0.8
v 0.2 2.7 0.8
v 0.3 2.7 0.8
v 0.4 2.7 0.8
v 0.3 2.7 0.7
v 0.4 2.7 0.7
v 0.5 2.8 1.1
v 0.6 2.8 1.1
v 0.5 2.8 1
v 0.6 2.8 1
v -0.6 0.1 0.4
v -0.3 0.1 0.4
v 0.4 0.1 0.4
v 0.7 0.1 0.4
v -0.6 0.1 0.2
v -0.5 0.1 0.2
v -0.4 0.1 0.2
v -0.3 0.1 0.2
v 0.4 0.1 0.2
v 0.5 0.1 0.2
v 0.6 0.1 0.2
v 0.7 0.1 0.2
v -0.5 0.2 0.2
v -0.4 0.2 0.2
v 0.5 0.2 0.2
v 0.6 0.2 0.2
v -0.5 0.2 0.1
v -0.4 0.2 0.1
v 0.5 0.2 0.1
v 0.6 0.2 0.1
v -0.5 0.6 0.2
v -0.4 0.6 0.2
v 0.5 0.6 0.2
v 0.6 0.6 0.2
v -0.5 0.6 0.1
v -0.4 0.6 0.1
v 0.5 0.6 0.1
v 0.6 0.6 0.1
v -0.4 1 -1.2
v -0.3 1 -1.2
v -0.4 1 -1.3
v -0.3 1 -1.3
v -0.4 1.1 -0.8
v -0.3 1.1 -0.8
v -0.5 1.1 -0.9
v -0.4 1.1 -0.9
v -0.3 1.1 -0.9
v -0.5 1.1 -1.1
v -0.4 1.1 -1.1
v 0.2 1.1 -1.3
v 0.3 1.1 -1.3
v -0.4 1.1 -1.4
v -0.3 1.1 -1.4
v -0.2 1.1 -1.4
v -0.4 1.1 -1.5
v -0.3 1.1 -1.5
v -0.2 1.1 -1.5
v 0.2 1.1 -1.5
v -0.2 1.1 -1.6
v -0.1 1.1 -1.6
v -0.2 1.1 -1.7
v -0.1 1.1 -1.7
v 0.2 1.1 -1.7
v 0.3 1.1 -1.7
v 0.1 1.1 -1.8
v 0.2 1.1 -1.8
v 0.1 1.1 -1.9
v 0.1 1.1 -2
v 0.2 1.1 -2
v 0.5 1.2 0.4
v 0.6 1.2 0.4
v 0.5 1.2 0.3
v 0.6 1.2 0.3
v -0.3 1.2 -0.1
v -0.2 1.2 -0.1
v 0.1 1.2 -0.1
v 0.2 1.2 -0.1
v -0.6 1.2 -0.2
v -0.5 1.2 -0.2
v -0.3 1.2 -0.2
v -0.2 1.2 -0.2
v 0.1 1.2 -0.2
v 0.2 1.2 -0.2
v -0.6 1.2 -0.3
v -0.5 1.2 -0.3
v -0.5 1.2 -0.5
v -0.4 1.2 -0.5
v -0.5 1.2 -0.6
v -0.4 1.2 -0.6
v -0.5 1.2 -0.8
v -0.4 1.2 -0.8
v -0.5 1.2 -0.9
v -0.4 1.2 -0.9
v -0.4 1.2 -1
v -0.3 1.2 -1
v -0.5 1.2 -1.1
v -0.4 1.2 -1.1
v 0.3 1.2 -1.1
v 0.4 1.2 -1.1
v -0.3 1.2 -1.2
v -0.2 1.2 -1.2
v 0.3 1.2 -1.2
v 0.4 1.2 -1.2
v -0.5 1.2 -1.3
v -0.4 1.2 -1.3
v -0.3 1.2 -1.3
v -0.4 1.2 -1.4
v -0.3 1.2 -1.4
v -0.2 1.2 -1.4
v -0.1 1.2 -1.4
v 0.1 1.2 -1.5
v 0.2 1.2 -1.5
v -0.2 1.2 -1.6
v -0.1 1.2 -1.6
v -0.1 1.2 -1.7
v 0.1 1.2 -1.7
v -0.1 1.2 -1.8
v 5.96046e-08 1.2 -1.8
v 0.1 1.2 -1.8
v 0.2 1.2 -1.8
v 5.96046e-08 1.2 -1.9
v 0.1 1.2 -1.9
v 0.3 1.3 0.6
v 0.4 1.3 0.6
v 0.3 1.3 0.5
v 0.4 1.3 0.5
v -0.5 1.3 0.2
v -0.4 1.3 0.2
v -0.5 1.3 0.1
v -0.4 1.3 0.1
v -0.3 1.3 0.1
v -0.2 1.3 0.1
v 0.4 1.3 0.1
v 0.5 1.3 0.1
v -0.3 1.3 0
v -0.2 1.3 0
v 0.4 1.3 0
v 0.5 1.3 0
v -0.6 1.3 -0.1
v -0.5 1.3 -0.1
v 0.3 1.3 -0.1
v 0.4 1.3 -0.1
v -0.6 1.3 -0.2
v -0.5 1.3 -0.2
v -0.4 1.3 -0.2
v 0.3 1.3 -0.2
v 0.4 1.3 -0.2
v 5.96046e-08 1.3 -0.3
v 0.1 1.3 -0.3
v 5.96046e-08 1.3 -0.4
v 0.1 1.3 -0.4
v -0.5 1.3 -0.5
v -0.4 1.3 -0.5
v -0.5 1.3 -0.6
v -0.4 1.3 -0.6
v -0.5 1.3 -0.8
v -0.4 1.3 -0.8
v -0.3 1.3 -0.8
v 0.4 1.3 -0.9
v 0.5 1.3 -0.9
v -0.4 1.3 -1
v -0.3 1.3 -1
v -0.2 1.3 -1
v 5.96046e-08 1.3 -1
v 0.1 1.3 -1
v 5.96046e-08 1.3 -1.1
v 0.1 1.3 -1.1
v 0.4 1.3 -1.1
v 0.5 1.3 -1.1
v -0.3 1.3 -1.2
v -0.2 1.3 -1.2
v -0.1 1.3 -1.2
v -0.2 1.3 -1.4
v -0.1 1.3 -1.4
v 0.1 1.3 -1.4
v 0.1 1.3 -1.5
v -0.1 1.3 -1.7
v 0.1 1.3 -1.7
v 5.96046e-08 1.4 0.7
v 0.2 1.4 0.7
v 5.96046e-08 1.4 0.6
v 0.2 1.4 0.6
v 0.3 1.4 0.6
v 0.2 1.4 0.5
v 0.3 1.4 0.5
v -0.6 1.4 0.4
v -0.5 1.4 0.4
v 0.6 1.4 0.4
v 0.7 1.4 0.4
v -0.6 1.4 0.3
v -0.5 1.4 0.3
v 0.6 1.4 0.3
v 0.7 1.4 0.3
v -0.5 1.4 -0.1
v -0.4 1.4 -0.1
v -0.5 1.4 -0.2
v -0.4 1.4 -0.2
v -0.4 1.4 -0.7
v -0.3 1.4 -0.7
v -0.1 1.4 -0.7
v 5.96046e-08 1.4 -0.7
v -0.4 1.4 -0.8
v -0.3 1.4 -0.8
v -0.1 1.4 -0.8
v 5.96046e-08 1.4 -0.8
v -0.3 1.4 -0.9
v -0.2 1.4 -0.9
v 0.3 1.4 -0.9
v 0.4 1.4 -0.9
v -0.3 1.4 -1
v -0.2 1.4 -1
v -0.2 1.4 -1.1
v -0.1 1.4 -1.1
v 0.3 1.4 -1.1
v 0.4 1.4 -1.1
v -0.2 1.4 -1.2
v -0.1 1.4 -1.2
v 5.96046e-08 1.4 -1.2
v 0.2 1.4 -1.2
v 0.3 1.4 -1.2
v 5.96046e-08 1.4 -1.3
v 0.2 1.4 -1.3
v 0.3 1.4 -1.3
v -0.1 1.4 -1.4
v 0.1 1.4 -1.4
v 0.1 1.4 -1.5
v 0.2 1.4 -1.5
v -0.5 1.5 0.5
v -0.4 1.5 0.5
v -0.5 1.5 0.4
v -0.4 1.5 0.4
v -0.6 1.5 0.3
v -0.5 1.5 0.3
v -0.6 1.5 0.2
v -0.5 1.5 0.2
v -0.4 1.5 -0.5
v -0.3 1.5 -0.5
v 0.3 1.5 -0.6
v 0.4 1.5 -0.6
v -0.4 1.5 -0.7
v -0.3 1.5 -0.7
v 0.3 1.5 -0.7
v 0.4 1.5 -0.7
v -0.3 1.5 -0.8
v -0.2 1.5 -0.8
v -0.3 1.5 -0.9
v -0.2 1.5 -0.9
v -0.1 1.5 -1.1
v 0.3 1.5 -1.1
v -0.1 1.5 -1.2
v 5.96046e-08 1.5 -1.2
v 0.2 1.5 -1.2
v 0.3 1.5 -1.2
v 5.96046e-08 1.5 -1.3
v 0.2 1.5 -1.3
v 0.3 1.6 0.8
v 0.4 1.6 0.8
v 0.4 1.6 0.7
v 0.5 1.6 0.7
v 0.3 1.6 0.6
v 0.4 1.6 0.6
v 0.4 1.6 0.5
v 0.5 1.6 0.5
v 0.6 1.6 0.3
v 0.7 1.6 0.3
v 0.6 1.6 0.2
v 0.7 1.6 0.2
v -0.3 1.6 -0.7
v -0.2 1.6 -0.7
v 0.3 1.6 -0.7
v 0.4 1.6 -0.7
v -0.3 1.6 -0.8
v -0.2 1.6 -0.8
v 0.4 1.6 -0.8
v 0.6 1.6 -0.8
v 0.2 1.6 -0.9
v 0.3 1.6 -0.9
v 0.6 1.6 -0.9
v -0.2 1.6 -1
v -0.1 1.6 -1
v -0.2 1.6 -1.1
v -0.1 1.6 -1.1
v 0.2 1.6 -1.1
v 0.3 1.6 -1.1
v 0.3 1.7 0.6
v 0.4 1.7 0.6
v 0.3 1.7 0.5
v 0.4 1.7 0.5
v 0.5 1.7 0.5
v 0.2 1.7 0.4
v 0.3 1.7 0.4
v 0.4 1.7 0.4
v 0.5 1.7 0.4
v 0.6 1.7 0.4
v 0.5 1.7 0.3
v 0.6 1.7 0.3
v 0.5 1.7 0.2
v 0.6 1.7 0.2
v 0.8 1.7 0.2
v 0.2 1.7 0.1
v 0.3 1.7 0.1
v 0.6 1.7 0.1
v 0.8 1.7 0.1
v -0.7 1.7 -0.1
v -0.6 1.7 -0.1
v -0.4 1.7 -0.1
v -0.3 1.7 -0.1
v -0.7 1.7 -0.2
v -0.6 1.7 -0.2
v -0.4 1.7 -0.2
v -0.3 1.7 -0.2
v 0.2 1.7 -0.2
v 0.3 1.7 -0.2
v -0.4 1.7 -0.3
v -0.3 1.7 -0.3
v 0.2 1.7 -0.3
v 0.3 1.7 -0.3
v -0.4 1.7 -0.5
v -0.3 1.7 -0.5
v -0.2 1.7 -0.5
v 0.3 1.7 -0.5
v 0.4 1.7 -0.5
v 0.3 1.7 -0.6
v 0.4 1.7 -0.6
v -0.3 1.7 -0.7
v -0.2 1.7 -0.7
v 0.3 1.7 -0.7
v 0.4 1.7 -0.7
v 0.7 1.7 -0.7
v 0.4 1.7 -0.8
v 0.7 1.7 -0.8
v 0.2 1.7 -0.9
v 0.3 1.7 -0.9
v -0.2 1.7 -1
v -0.1 1.7 -1
v -0.1 1.7 -1.1
v 0.1 1.7 -1.1
v 0.1 1.7 -1.2
v 0.2 1.7 -1.2
v 0.1 1.8 0.9
v 0.3 1.8 0.9
v 0.1 1.8 0.7
v 0.3 1.8 0.7
v -0.3 1.8 0.4
v -0.2 1.8 0.4
v -0.3 1.8 0.3
v -0.2 1.8 0.3
v 0.5 1.8 0.2
v 0.6 1.8 0.2
v 0.5 1.8 0.1
v 0.6 1.8 0.1
v 0.2 1.8 0
v 0.3 1.8 0
v -0.6 1.8 -0.1
v -0.5 1.8 -0.1
v 0.2 1.8 -0.1
v 0.3 1.8 -0.1
v -0.6 1.8 -0.2
v -0.5 1.8 -0.2
v -0.3 1.8 -0.3
v -0.2 1.8 -0.3
v 0.4 1.8 -0.4
v 0.5 1.8 -0.4
v -0.3 1.8 -0.5
v -0.2 1.8 -0.5
v 0.4 1.8 -0.5
v 0.5 1.8 -0.5
v -0.2 1.8 -0.6
v 0.3 1.8 -0.6
v 0.7 1.8 -0.6
v 0.8 1.8 -0.6
v -0.2 1.8 -0.7
v 0.3 1.8 -0.7
v 0.4 1.8 -0.7
v 0.5 1.8 -0.7
v 0.7 1.8 -0.7
v 0.8 1.8 -0.7
v -0.6 1.9 0.7
v -0.5 1.9 0.7
v -0.6 1.9 0.5
v -0.5 1.9 0.5
v 0.4 1.9 0.4
v 0.5 1.9 0.4
v -0.7 1.9 0.2
v -0.6 1.9 0.2
v -0.7 1.9 0.1
v -0.6 1.9 0.1
v 0.4 1.9 0.1
v 0.5 1.9 0.1
v 0.8 1.9 0.1
v -0.6 1.9 -0.2
v -0.5 1.9 -0.2
v -0.4 1.9 -0.2
v 0.6 1.9 -0.2
v 0.7 1.9 -0.2
v -0.6 1.9 -0.3
v -0.4 1.9 -0.3
v 0.4 1.9 -0.3
v 0.5 1.9 -0.3
v -0.2 1.9 -0.4
v 5.96046e-08 1.9 -0.4
v 0.3 1.9 -0.4
v 0.4 1.9 -0.4
v 0.5 1.9 -0.4
v 5.96046e-08 1.9 -0.5
v 0.3 1.9 -0.5
v 0.4 1.9 -0.5
v 0.5 1.9 -0.5
v 0.6 1.9 -0.5
v 0.7 1.9 -0.5
v -0.2 1.9 -0.6
v 0.3 1.9 -0.6
v 0.6 1.9 -0.6
v 0.7 1.9 -0.6
v 0.8 1.9 -0.6
v 0.5 1.9 -0.7
v 0.7 1.9 -0.7
v -0.1 2 1
v 0.1 2 1
v -0.1 2 0.9
v 5.96046e-08 2 0.9
v 5.96046e-08 2 0.8
v 0.1 2 0.8
v 0.2 2 0.7
v 0.3 2 0.7
v 0.2 2 0.6
v 0.3 2 0.6
v 0.3 2 0.5
v 0.4 2 0.5
v 0.3 2 0.3
v 0.4 2 0.3
v 0.4 2 0.1
v 0.5 2 0.1
v -0.7 2 0
v -0.6 2 0
v -0.7 2 -0.1
v -0.6 2 -0.1
v -0.5 2 -0.1
v -0.4 2 -0.1
v -0.3 2 -0.1
v -0.2 2 -0.1
v -0.1 2 -0.1
v -0.5 2 -0.2
v -0.4 2 -0.2
v -0.3 2 -0.2
v -0.2 2 -0.2
v -0.1 2 -0.2
v 0.3 2 -0.2
v 0.4 2 -0.2
v 0.6 2 -0.2
v 0.7 2 -0.2
v -0.4 2 -0.3
v -0.2 2 -0.3
v 0.1 2 -0.3
v 0.2 2 -0.3
v 0.3 2 -0.3
v 0.4 2 -0.3
v 0.5 2 -0.3
v -0.2 2 -0.4
v 5.96046e-08 2 -0.4
v 0.1 2 -0.4
v 0.2 2 -0.4
v 0.3 2 -0.4
v 0.4 2 -0.4
v 5.96046e-08 2 -0.5
v 0.3 2 -0.5
v 0.6 2 -0.5
v 0.7 2 -0.5
v -0.2 2.1 1
v -0.1 2.1 1
v -0.5 2.1 0.9
v -0.4 2.1 0.9
v -0.2 2.1 0.9
v -0.1 2.1 0.9
v 5.96046e-08 2.1 0.9
v -0.5 2.1 0.8
v -0.4 2.1 0.8
v -0.3 2.1 0.8
v -0.2 2.1 0.8
v 5.96046e-08 2.1 0.8
v 0.1 2.1 0.8
v -0.3 2.1 0.7
v 0.1 2.1 0.7
v 0.2 2.1 0.7
v 0.1 2.1 0.6
v 0.2 2.1 0.6
v -0.6 2.1 0.5
v -0.5 2.1 0.5
v -0.6 2.1 0.4
v -0.5 2.1 0.4
v -0.6 2.1 0
v -0.5 2.1 0
v 0.3 2.1 0
v 0.4 2.1 0
v -0.6 2.1 -0.1
v -0.5 2.1 -0.1
v -0.3 2.1 -0.1
v -0.2 2.1 -0.1
v 0.2 2.1 -0.1
v 0.3 2.1 -0.1
v -0.3 2.1 -0.2
v -0.2 2.1 -0.2
v -0.1 2.1 -0.2
v 0.1 2.1 -0.2
v 0.2 2.1 -0.2
v 0.3 2.1 -0.2
v 0.4 2.1 -0.2
v -0.2 2.1 -0.3
v -0.1 2.1 -0.3
v 0.1 2.1 -0.3
v 0.2 2.1 -0.3
v 0.3 2.1 -0.3
v -0.3 2.2 1.1
v -0.2 2.2 1.1
v -0.4 2.2 1
v -0.3 2.2 1
v -0.4 2.2 0.9
v -0.2 2.2 0.9
v -0.6 2.2 0.8
v -0.4 2.2 0.8
v -0.5 2.2 0.7
v -0.4 2.2 0.7
v -0.1 2.2 0.7
v 0.1 2.2 0.7
v -0.6 2.2 0.6
v -0.5 2.2 0.6
v -0.1 2.2 0.6
v 0.1 2.2 0.6
v -0.6 2.2 0.4
v -0.5 2.2 0.4
v -0.7 2.2 0.2
v -0.6 2.2 0.2
v -0.5 2.2 0.2
v -0.6 2.2 0.1
v -0.5 2.2 0.1
v -0.4 2.2 0.1
v -0.3 2.2 0.1
v 0.3 2.2 0.1
v 0.4 2.2 0.1
v -0.7 2.2 0
v -0.5 2.2 0
v -0.4 2.2 0
v -0.3 2.2 0
v -0.1 2.2 0
v 0.3 2.2 0
v 0.4 2.2 0
v -0.5 2.2 -0.1
v -0.4 2.2 -0.1
v -0.2 2.2 -0.1
v -0.1 2.2 -0.1
v 0.2 2.2 -0.1
v -0.2 2.2 -0.2
v -0.1 2.2 -0.2
v 0.1 2.2 -0.2
v 0.2 2.2 -0.2
v -0.1 2.2 -0.3
v 0.1 2.2 -0.3
v 0.2 2.2 -0.3
v 0.1 2.2 -0.4
v 0.2 2.2 -0.4
v -0.4 2.3 0.9
v -0.2 2.3 0.9
v -0.3 2.3 0.8
v -0.2 2.3 0.8
v -0.5 2.3 0.7
v -0.4 2.3 0.7
v -0.3 2.3 0.7
v -0.5 2.3 0.6
v -0.3 2.3 0.6
v 0.3 2.3 0.4
v 0.4 2.3 0.4
v -0.5 2.3 0.3
v -0.4 2.3 0.3
v 0.3 2.3 0.3
v 0.4 2.3 0.3
v -0.6 2.3 0.2
v -0.5 2.3 0.2
v -0.4 2.3 0.2
v 0.3 2.3 0.2
v 0.4 2.3 0.2
v -0.6 2.3 0.1
v -0.5 2.3 0.1
v -0.4 2.3 0.1
v 0.3 2.3 0.1
v 0.4 2.3 0.1
v -0.5 2.3 0
v -0.4 2.3 0
v -0.1 2.3 0
v 0.3 2.3 0
v -0.1 2.3 -0.1
v 0.3 2.3 -0.1
v -0.3 2.4 0.7
v -0.2 2.4 0.7
v -0.5 2.4 0.6
v -0.3 2.4 0.6
v -0.2 2.4 0.6
v -0.5 2.4 0.5
v -0.4 2.4 0.5
v -0.3 2.4 0.5
v -0.5 2.4 0.3
v -0.4 2.4 0.3
v 0.3 2.4 0.3
v 0.4 2.4 0.3
v -0.5 2.4 0.2
v -0.4 2.4 0.2
v 0.3 2.4 0.2
v 0.4 2.4 0.2
v -0.5 2.4 0.1
v -0.4 2.4 0.1
v -0.4 2.5 0.5
v -0.3 2.5 0.5
v -0.5 2.5 0.3
v -0.4 2.5 0.3
v -0.5 2.5 0.2
v -0.4 2.5 0.2
v -0.3 2.5 0.2
v -0.2 2.5 0.2
v -0.4 2.5 0.1
v -0.3 2.5 0.1
v -0.2 2.5 0.1
v -0.1 2.5 0.1
v 0.2 2.5 0.1
v 0.3 2.5 0.1
v -0.3 2.5 0
v -0.2 2.5 0
v -0.1 2.5 0
v 0.2 2.5 0
v 0.3 2.5 0
v 0.4 2.6 1.2
v 0.6 2.6 1.2
v 0.4 2.6 1.1
v 0.5 2.6 1.1
v 0.6 2.6 1.1
v -0.3 2.6 1
v -0.2 2.6 1
v -0.3 2.6 0.9
v -0.2 2.6 0.9
v -0.3 2.6 0.3
v -0.2 2.6 0.3
v -0.3 2.6 0.2
v -0.2 2.6 0.2
v 0.3 2.6 0.2
v 0.4 2.6 0.2
v -0.1 2.6 0.1
v 5.96046e-08 2.6 0.1
v 0.1 2.6 0.1
v 0.2 2.6 0.1
v 0.3 2.6 0.1
v 0.4 2.6 0.1
v -0.1 2.6 0
v 5.96046e-08 2.6 0
v 0.1 2.6 0
v 0.2 2.6 0
v 5.96046e-08 2.7 1.5
v 0.1 2.7 1.5
v -0.4 2.7 1.4
v -0.3 2.7 1.4
v -0.1 2.7 1.4
v 5.96046e-08 2.7 1.4
v 0.1 2.7 1.4
v 0.2 2.7 1.4
v -0.5 2.7 1.3
v -0.4 2.7 1.3
v -0.3 2.7 1.3
v -0.1 2.7 1.3
v 5.96046e-08 2.7 1.3
v 0.1 2.7 1.3
v 0.2 2.7 1.3
v -0.4 2.7 1.2
v -0.2 2.7 1.2
v -0.1 2.7 1.2
v 0.2 2.7 1.2
v 0.3 2.7 1.2
v -0.4 2.7 1.1
v -0.2 2.7 1.1
v -0.1 2.7 1.1
v -0.5 2.7 1
v -0.4 2.7 1
v 0.2 2.7 1
v 0.3 2.7 1
v -0.3 2.7 0.4
v -0.2 2.7 0.4
v -0.3 2.7 0.3
v -0.2 2.7 0.3
v 0.2 2.7 0.2
v 0.3 2.7 0.2
v 5.96046e-08 2.7 0.1
v 0.1 2.7 0.1
v 0.2 2.7 0.1
v 0.3 2.7 0.1
v 5.96046e-08 2.7 0
v 0.1 2.7 0
v 5.96046e-08 2.8 1.4
v 0.1 2.8 1.4
v -0.3 2.8 1.3
v -0.2 2.8 1.3
v -0.1 2.8 1.3
v 5.96046e-08 2.8 1.3
v 0.1 2.8 1.3
v 0.2 2.8 1.3
v -0.4 2.8 1.2
v -0.3 2.8 1.2
v -0.1 2.8 1.2
v 5.96046e-08 2.8 1.2
v 0.1 2.8 1.2
v 0.2 2.8 1.2
v 0.3 2.8 1.2
v 0.5 2.8 1.2
v -0.4 2.8 1.1
v -0.3 2.8 1.1
v -0.2 2.8 1.1
v -0.1 2.8 1.1
v 0.4 2.8 1.1
v 0.5 2.8 1.1
v -0.3 2.8 1
v -0.2 2.8 1
v -0.1 2.8 1
v 0.2 2.8 1
v 0.3 2.8 1
v 0.4 2.8 1
v -0.3 2.8 0.9
v -0.2 2.8 0.9
v 0.3 2.8 0.9
v 0.4 2.8 0.9
v 0.3 2.8 0.8
v 0.4 2.8 0.8
v -0.3 2.8 0.7
v -0.2 2.8 0.7
v 0.3 2.8 0.7
v 0.4 2.8 0.7
v -0.3 2.8 0.6
v -0.2 2.8 0.6
v 0.3 2.8 0.3
v 0.4 2.8 0.3
v -0.2 2.8 0.2
v -0.1 2.8 0.2
v 0.3 2.8 0.2
v 0.4 2.8 0.2
v -0.2 2.8 0.1
v -0.1 2.8 0.1
v -0.4 2.9 1.3
v -0.3 2.9 1.3
v -0.4 2.9 1.2
v -0.3 2.9 1.2
v -0.4 2.9 1.1
v -0.3 2.9 1.1
v 0.4 2.9 1.1
v 0.6 2.9 1.1
v -0.4 2.9 1
v -0.3 2.9 1
v -0.2 2.9 1
v -0.1 2.9 1
v 0.2 2.9 1
v 0.3 2.9 1
v 0.4 2.9 1
v 0.6 2.9 1
v -0.2 2.9 0.9
v -0.1 2.9 0.9
v 0.2 2.9 0.9
v 0.3 2.9 0.9
v -0.2 2.9 0.7
v -0.1 2.9 0.7
v 0.3 2.9 0.7
v 0.4 2.9 0.7
v -0.3 2.9 0.6
v -0.2 2.9 0.6
v 0.3 2.9 0.6
v 0.4 2.9 0.6
v 0.3 2.9 0.5
v 0.4 2.9 0.5
v -0.3 2.9 0.4
v -0.2 2.9 0.4
v -0.2 2.9 0.3
v -0.1 2.9 0.3
v 0.2 2.9 0.3
v 0.3 2.9 0.3
v 0.4 2.9 0.3
v -0.2 2.9 0.2
v -0.1 2.9 0.2
v 0.2 2.9 0.2
v 0.3 2.9 0.2
v -0.1 3 0.9
v 0.3 3 0.9
v -0.1 3 0.8
v 0.2 3 0.8
v -0.2 3 0.7
v -0.1 3 0.7
v 0.3 3 0.6
v 0.4 3 0.6
v 0.3 3 0.5
v 0.4 3 0.5
v -0.2 3 0.3
v -0.1 3 0.3
v 5.96046e-08 3 0.3
v 0.1 3 0.3
v 0.2 3 0.3
v 0.3 3 0.3
v 5.96046e-08 3 0.2
v 0.1 3 0.2
v -0.1 3 0.1
v 0.2 3 0.1
v -0.1 3.1 0.8
v 0.2 3.1 0.8
v -0.1 3.1 0.3
v 5.96046e-08 3.1 0.3
v 0.1 3.1 0.3
v 0.2 3.1 0.3
v 5.96046e-08 3.1 0.2
v 0.1 3.1 0.2

# faces
f 4/8/1 2/8/1 1/8/1
f 5/8/1 2/8/1 4/8/1
f 6/8/1 2/8/1 5/8/1
f 8/8/1 4/8/1 3/8/1
f 8/8/1 5/8/1 4/8/1
f 9/8/1 8/8/1 7/8/1
f 10/8/1 5/8/1 8/8/1
f 10/8/1 8/8/1 9/8/1
f 12/8/1 5/8/1 10/8/1
f 13/8/1 5/8/1 12/8/1
f 14/8/1 5/8/1 13/8/1
f 15/8/1 12/8/1 11/8/1
f 15/8/1 13/8/1 12/8/1
f 16/8/1 13/8/1 15/8/1
f 19/4/1 18/4/1 17/4/1
f 20/4/1 18/4/1 19/4/1
f 24/6/1 22/6/1 21/6/1
f 25/6/1 22/6/1 24/6/1
f 25/6/1 24/6/1 23/6/1
f 27/6/1 26/6/1 25/6/1
f 28/6/1 26/6/1 27/6/1
f 30/6/1 25/6/1 23/6/1
f 30/6/1 27/6/1 25/6/1
f 31/6/1 27/6/1 30/6/1
f 32/6/1 27/6/1 31/6/1
f 33/6/1 30/6/1 29/6/1
f 33/6/1 31/6/1 30/6/1
f 34/6/1 31/6/1 33/6/1
f 35/6/1 31/6/1 34/6/1
f 36/6/1 31/6/1 35/6/1
f 38/6/1 31/6/1 36/6/1
f 39/6/1 31/6/1 38/6/1
f 40/6/1 31/6/1 39/6/1
f 41/8/1 38/8/1 37/8/1
f 41/8/1 39/8/1 38/8/1
f 42/8/1 39/8/1 41/8/1
f 49/8/1 41/8/1 37/8/1
f 50/8/1 41/8/1 49/8/1
f 51/8/1 41/8/1 50/8/1
f 52/8/1 44/8/1 43/8/1
f 52/8/1 45/8/1 44/8/1
f 53/8/1 45/8/1 52/8/1
f 54/7/1 47/7/1 46/7/1
f 55/7/1 47/7/1 54/7/1
f 56/8/1 50/8/1 49/8/1
f 56/8/1 49/8/1 48/8/1
f 57/8/1 50/8/1 56/8/1
f 59/8/1 45/8/1 53/8/1
f 60/8/1 45/8/1 59/8/1
f 63/8/1 58/8/1 57/8/1
f 63/8/1 56/8/1 55/8/1
f 63/8/1 57/8/1 56/8/1
f 64/8/1 58/8/1 63/8/1
f 67/8/1 63/8/1 55/8/1
f 68/8/1 63/8/1 67/8/1
f 69/8/1 66/8/1 65/8/1
f 70/8/1 66/8/1 69/8/1
f 71/7/1 62/7/1 61/7/1
f 72/7/1 62/7/1 71/7/1
f 73/8/1 63/8/1 68/8/1
f 74/8/1 63/8/1 73/8/1
f 76/8/1 75/8/1 74/8/1
f 77/8/1 75/8/1 76/8/1
f 80/4/1 79/4/1 78/4/1
f 81/4/1 79/4/1 80/4/1
f 83/4/1 81/4/1 80/4/1
f 83/4/1 82/4/1 81/4/1
f 84/4/1 82/4/1 83/4/1
f 86/4/1 82/4/1 84/4/1
f 87/4/1 86/4/1 85/4/1
f 88/4/1 82/4/1 86/4/1
f 88/4/1 86/4/1 87/4/1
f 89/4/1 82/4/1 88/4/1
f 90/4/1 82/4/1 89/4/1
f 93/6/1 92/6/1 91/6/1
f 94/6/1 92/6/1 93/6/1
f 99/6/1 98/6/1 97/6/1
f 100/6/1 98/6/1 99/6/1
f 105/6/1 96/6/1 95/6/1
f 106/6/1 96/6/1 105/6/1
f 107/6/1 96/6/1 106/6/1
f 108/9/1 97/9/1 96/9/1
f 108/6/1 96/6/1 107/6/1
f 109/6/1 99/6/1 97/6/1
f 109/9/1 97/9/1 108/9/1
f 110/6/1 99/6/1 109/6/1
f 111/6/1 101/6/1 100/6/1
f 112/6/1 101/6/1 111/6/1
f 113/6/1 103/6/1 102/6/1
f 114/6/1 103/6/1 113/6/1
f 116/6/1 105/6/1 104/6/1
f 116/6/1 106/6/1 105/6/1
f 117/6/1 106/6/1 116/6/1
f 118/6/1 108/6/1 107/6/1
f 118/6/1 109/6/1 108/6/1
f 119/6/1 109/6/1 118/6/1
f 120/6/1 113/6/1 102/6/1
f 122/6/1 116/6/1 115/6/1
f 123/6/1 116/6/1 122/6/1
f 124/6/1 121/6/1 120/6/1
f 124/6/1 120/6/1 102/6/1
f 125/6/1 121/6/1 124/6/1
f 126/6/1 121/6/1 125/6/1
f 129/6/1 127/6/1 126/6/1
f 129/6/1 126/6/1 125/6/1
f 130/6/1 127/6/1 129/6/1
f 131/6/1 127/6/1 130/6/1
f 135/7/1 129/7/1 128/7/1
f 136/7/1 129/7/1 135/7/1
f 137/8/1 130/8/1 129/8/1
f 137/7/1 129/7/1 136/7/1
f 138/8/1 133/8/1 132/8/1
f 139/8/1 133/8/1 138/8/1
f 140/7/1 136/7/1 135/7/1
f 140/7/1 135/7/1 134/7/1
f 141/8/1 137/8/1 136/8/1
f 141/7/1 136/7/1 140/7/1
f 142/8/1 130/8/1 137/8/1
f 142/8/1 137/8/1 141/8/1
f 143/8/1 130/8/1 142/8/1
f 148/8/1 142/8/1 141/8/1
f 149/8/1 142/8/1 148/8/1
f 150/8/1 145/8/1 144/8/1
f 152/7/1 147/7/1 146/7/1
f 153/8/1 148/8/1 147/8/1
f 153/7/1 147/7/1 152/7/1
f 154/8/1 148/8/1 153/8/1
f 155/8/1 150/8/1 144/8/1
f 156/8/1 150/8/1 155/8/1
f 157/7/1 152/7/1 151/7/1
f 158/7/1 152/7/1 157/7/1
f 159/8/1 148/8/1 154/8/1
f 164/8/1 159/8/1 154/8/1
f 164/8/1 160/8/1 159/8/1
f 165/8/1 160/8/1 164/8/1
f 168/8/1 162/8/1 161/8/1
f 169/8/1 162/8/1 168/8/1
f 170/7/1 164/7/1 163/7/1
f 171/8/1 166/8/1 165/8/1
f 171/7/1 164/7/1 170/7/1
f 171/8/1 165/8/1 164/8/1
f 172/8/1 166/8/1 171/8/1
f 173/8/1 166/8/1 172/8/1
f 174/8/1 166/8/1 173/8/1
f 175/8/1 168/8/1 167/8/1
f 176/8/1 168/8/1 175/8/1
f 177/7/1 172/7/1 171/7/1
f 178/8/1 173/8/1 172/8/1
f 178/7/1 172/7/1 177/7/1
f 179/8/1 173/8/1 178/8/1
f 180/7/1 175/7/1 174/7/1
f 181/7/1 175/7/1 180/7/1
f 182/7/1 180/7/1 179/7/1
f 183/7/1 180/7/1 182/7/1
f 186/5/1 185/5/1 184/5/1
f 187/5/1 185/5/1 186/5/1
f 190/6/1 189/6/1 188/6/1
f 191/6/1 189/6/1 190/6/1
f 196/6/1 193/6/1 192/6/1
f 197/6/1 193/6/1 196/6/1
f 198/6/1 195/6/1 194/6/1
f 199/6/1 195/6/1 198/6/1
f 203/6/1 200/6/1 199/6/1
f 204/6/1 200/6/1 203/6/1
f 205/6/1 200/6/1 204/6/1
f 209/9/1 202/9/1 201/9/1
f 210/9/1 202/9/1 209/9/1
f 211/9/1 202/9/1 210/9/1
f 212/6/1 204/6/1 203/6/1
f 213/6/1 204/6/1 212/6/1
f 217/6/1 207/6/1 206/6/1
f 218/6/1 207/6/1 217/6/1
f 219/9/1 209/9/1 208/9/1
f 219/9/1 210/9/1 209/9/1
f 220/9/1 210/9/1 219/9/1
f 221/6/1 215/6/1 214/6/1
f 222/6/1 215/6/1 221/6/1
f 224/6/1 218/6/1 217/6/1
f 224/6/1 217/6/1 216/6/1
f 224/6/1 219/6/1 218/6/1
f 225/6/1 219/6/1 224/6/1
f 226/6/1 219/6/1 225/6/1
f 229/6/1 224/6/1 223/6/1
f 229/6/1 225/6/1 224/6/1
f 230/6/1 225/6/1 229/6/1
f 233/6/1 228/6/1 227/6/1
f 234/6/1 228/6/1 233/6/1
f 235/6/1 229/6/1 223/6/1
f 236/6/1 229/6/1 235/6/1
f 238/7/1 232/7/1 231/7/1
f 239/7/1 232/7/1 238/7/1
f 240/6/1 229/6/1 236/6/1
f 241/6/1 229/6/1 240/6/1
f 243/7/1 238/7/1 237/7/1
f 244/7/1 238/7/1 243/7/1
f 248/7/1 243/7/1 242/7/1
f 249/7/1 243/7/1 248/7/1
f 250/8/1 246/8/1 245/8/1
f 251/8/1 246/8/1 250/8/1
f 252/7/1 248/7/1 247/7/1
f 254/7/1 252/7/1 247/7/1
f 254/7/1 253/7/1 252/7/1
f 255/7/1 253/7/1 254/7/1
f 256/7/1 253/7/1 255/7/1
f 258/7/1 257/7/1 256/7/1
f 258/7/1 256/7/1 255/7/1
f 259/7/1 257/7/1 258/7/1
f 263/7/1 261/7/1 260/7/1
f 264/7/1 261/7/1 263/7/1
f 268/7/1 263/7/1 262/7/1
f 269/7/1 263/7/1 268/7/1
f 270/7/1 265/7/1 264/7/1
f 271/7/1 265/7/1 270/7/1
f 274/5/1 267/5/1 266/5/1
f 275/5/1 267/5/1 274/5/1
f 276/1/1 273/1/1 272/1/1
f 277/1/1 273/1/1 276/1/1
f 281/10/1 278/10/1 277/10/1
f 282/5/1 279/5/1 278/5/1
f 282/10/1 278/10/1 281/10/1
f 283/10/1 280/10/1 279/10/1
f 283/5/1 279/5/1 282/5/1
f 284/10/1 280/10/1 283/10/1
f 285/5/1 282/5/1 281/5/1
f 286/5/1 282/5/1 285/5/1
f 287/5/1 284/5/1 283/5/1
f 288/5/1 284/5/1 287/5/1
f 293/6/1 290/6/1 289/6/1
f 294/6/1 290/6/1 293/6/1
f 295/6/1 290/6/1 294/6/1
f 297/6/1 292/6/1 291/6/1
f 298/6/1 292/6/1 297/6/1
f 303/6/1 296/6/1 295/6/1
f 303/6/1 297/6/1 296/6/1
f 304/6/1 297/6/1 303/6/1
f 305/6/1 300/6/1 299/6/1
f 306/6/1 300/6/1 305/6/1
f 307/6/1 302/6/1 301/6/1
f 308/6/1 302/6/1 307/6/1
f 314/9/1 310/9/1 309/9/1
f 315/9/1 310/9/1 314/9/1
f 317/6/1 314/6/1 313/6/1
f 318/6/1 314/6/1 317/6/1
f 319/6/1 314/6/1 318/6/1
f 321/6/1 312/6/1 311/6/1
f 323/6/1 317/6/1 316/6/1
f 323/6/1 318/6/1 317/6/1
f 324/6/1 318/6/1 323/6/1
f 325/6/1 318/6/1 324/6/1
f 326/7/1 321/7/1 320/7/1
f 327/6/1 312/6/1 321/6/1
f 327/7/1 321/7/1 326/7/1
f 328/6/1 312/6/1 327/6/1
f 329/6/1 323/6/1 322/6/1
f 329/6/1 324/6/1 323/6/1
f 330/6/1 324/6/1 329/6/1
f 336/6/1 329/6/1 322/6/1
f 337/6/1 329/6/1 336/6/1
f 339/7/1 332/7/1 331/7/1
f 340/6/1 334/6/1 333/6/1
f 341/6/1 334/6/1 340/6/1
f 342/6/1 336/6/1 335/6/1
f 343/6/1 336/6/1 342/6/1
f 345/7/1 339/7/1 338/7/1
f 346/7/1 332/7/1 339/7/1
f 346/7/1 339/7/1 345/7/1
f 347/7/1 332/7/1 346/7/1
f 348/7/1 345/7/1 344/7/1
f 348/7/1 346/7/1 345/7/1
f 349/7/1 346/7/1 348/7/1
f 352/6/1 351/6/1 350/6/1
f 353/6/1 351/6/1 352/6/1
f 354/7/1 348/7/1 344/7/1
f 355/7/1 348/7/1 354/7/1
f 360/6/1 357/6/1 356/6/1
f 361/7/1 359/7/1 358/7/1
f 362/7/1 359/7/1 361/7/1
f 364/6/1 357/6/1 360/6/1
f 365/6/1 357/6/1 364/6/1
f 370/6/1 363/6/1 362/6/1
f 371/6/1 363/6/1 370/6/1
f 373/7/1 365/7/1 364/7/1
f 374/7/1 365/7/1 373/7/1
f 375/5/1 367/5/1 366/5/1
f 376/1/1 368/1/1 367/1/1
f 376/5/1 367/5/1 375/5/1
f 377/1/1 368/1/1 376/1/1
f 378/6/1 372/6/1 371/6/1
f 378/6/1 370/6/1 369/6/1
f 378/6/1 371/6/1 370/6/1
f 379/6/1 372/6/1 378/6/1
f 382/6/1 378/6/1 369/6/1
f 383/6/1 378/6/1 382/6/1
f 384/1/1 381/1/1 380/1/1
f 385/1/1 381/1/1 384/1/1
f 386/6/1 382/6/1 369/6/1
f 387/6/1 382/6/1 386/6/1
f 388/6/1 382/6/1 387/6/1
f 389/6/1 382/6/1 388/6/1
f 394/9/1 391/9/1 390/9/1
f 395/9/1 391/9/1 394/9/1
f 396/6/1 393/6/1 392/6/1
f 397/6/1 393/6/1 396/6/1
f 399/9/1 391/9/1 395/9/1
f 400/9/1 391/9/1 399/9/1
f 401/9/1 391/9/1 400/9/1
f 405/9/1 399/9/1 398/9/1
f 405/9/1 400/9/1 399/9/1
f 406/9/1 400/9/1 405/9/1
f 409/6/1 403/6/1 402/6/1
f 410/6/1 403/6/1 409/6/1
f 412/9/1 405/9/1 404/9/1
f 413/9/1 405/9/1 412/9/1
f 417/6/1 412/6/1 411/6/1
f 418/6/1 412/6/1 417/6/1
f 419/6/1 412/6/1 418/6/1
f 420/7/1 415/7/1 414/7/1
f 421/7/1 415/7/1 420/7/1
f 423/6/1 417/6/1 416/6/1
f 423/6/1 418/6/1 417/6/1
f 426/6/1 408/6/1 407/6/1
f 427/6/1 408/6/1 426/6/1
f 429/6/1 423/6/1 422/6/1
f 430/6/1 418/6/1 423/6/1
f 430/6/1 423/6/1 429/6/1
f 431/6/1 418/6/1 430/6/1
f 432/8/1 425/8/1 424/8/1
f 433/8/1 425/8/1 432/8/1
f 435/6/1 430/6/1 429/6/1
f 435/6/1 429/6/1 428/6/1
f 436/6/1 430/6/1 435/6/1
f 440/6/1 435/6/1 434/6/1
f 441/6/1 435/6/1 440/6/1
f 442/6/1 435/6/1 441/6/1
f 443/6/1 438/6/1 437/6/1
f 444/6/1 438/6/1 443/6/1
f 445/6/1 440/6/1 439/6/1
f 445/6/1 441/6/1 440/6/1
f 446/6/1 441/6/1 445/6/1
f 447/6/1 441/6/1 446/6/1
f 449/6/1 446/6/1 445/6/1
f 450/6/1 446/6/1 449/6/1
f 452/6/1 449/6/1 448/6/1
f 453/6/1 449/6/1 452/6/1
f 454/7/1 452/7/1 451/7/1
f 455/7/1 452/7/1 454/7/1
f 458/6/1 457/6/1 456/6/1
f 459/6/1 457/6/1 458/6/1
f 467/6/1 461/6/1 460/6/1
f 468/5/1 463/5/1 462/5/1
f 469/5/1 463/5/1 468/5/1
f 470/6/1 465/6/1 464/6/1
f 472/6/1 467/6/1 466/6/1
f 474/6/1 470/6/1 469/6/1
f 475/6/1 465/6/1 470/6/1
f 475/6/1 470/6/1 474/6/1
f 477/6/1 472/6/1 471/6/1
f 477/6/1 467/6/1 472/6/1
f 477/6/1 461/6/1 467/6/1
f 478/6/1 461/6/1 477/6/1
f 479/10/1 474/10/1 473/10/1
f 480/6/1 476/6/1 475/6/1
f 480/10/1 474/10/1 479/10/1
f 480/6/1 475/6/1 474/6/1
f 481/6/1 476/6/1 480/6/1
f 482/6/1 476/6/1 481/6/1
f 483/6/1 477/6/1 471/6/1
f 484/6/1 477/6/1 483/6/1
f 485/6/1 477/6/1 484/6/1
f 486/6/1 482/6/1 481/6/1
f 486/6/1 484/6/1 483/6/1
f 486/6/1 483/6/1 482/6/1
f 487/6/1 484/6/1 486/6/1
f 491/9/1 489/9/1 488/9/1
f 492/9/1 489/9/1 491/9/1
f 494/9/1 491/9/1 490/9/1
f 495/6/1 492/6/1 491/6/1
f 495/9/1 491/9/1 494/9/1
f 496/6/1 492/6/1 495/6/1
f 500/6/1 494/6/1 493/6/1
f 500/6/1 495/6/1 494/6/1
f 501/6/1 495/6/1 500/6/1
f 502/7/1 498/7/1 497/7/1
f 503/7/1 498/7/1 502/7/1
f 505/6/1 500/6/1 499/6/1
f 506/6/1 500/6/1 505/6/1
f 507/6/1 505/6/1 504/6/1
f 508/6/1 505/6/1 507/6/1
f 511/6/1 510/6/1 509/6/1
f 512/6/1 510/6/1 511/6/1
f 515/6/1 514/6/1 513/6/1
f 516/6/1 514/6/1 515/6/1
f 520/7/1 517/7/1 516/7/1
f 521/7/1 517/7/1 520/7/1
f 522/6/1 519/6/1 518/6/1
f 523/6/1 519/6/1 522/6/1
f 531/3/1 525/3/1 524/3/1
f 532/6/1 526/6/1 525/6/1
f 532/3/1 525/3/1 531/3/1
f 533/6/1 526/6/1 532/6/1
f 534/6/1 528/6/1 527/6/1
f 535/6/1 528/6/1 534/6/1
f 536/3/1 530/3/1 529/3/1
f 537/3/1 530/3/1 536/3/1
f 538/3/1 530/3/1 537/3/1
f 540/6/1 532/6/1 531/6/1
f 541/6/1 532/6/1 540/6/1
f 542/4/1 538/4/1 537/4/1
f 543/3/1 539/3/1 538/3/1
f 543/4/1 538/4/1 542/4/1
f 544/3/1 539/3/1 543/3/1
f 550/6/1 546/6/1 545/6/1
f 551/6/1 548/6/1 547/6/1
f 552/6/1 548/6/1 551/6/1
f 553/6/1 548/6/1 552/6/1
f 554/6/1 550/6/1 549/6/1
f 555/6/1 546/6/1 550/6/1
f 555/6/1 550/6/1 554/6/1
f 556/6/1 553/6/1 552/6/1
f 556/6/1 554/6/1 553/6/1
f 557/6/1 554/6/1 556/6/1
f 562/9/1 559/9/1 558/9/1
f 563/9/1 559/9/1 562/9/1
f 564/9/1 561/9/1 560/9/1
f 565/9/1 561/9/1 564/9/1
f 566/6/1 565/6/1 564/6/1
f 567/6/1 565/6/1 566/6/1
f 568/6/1 565/6/1 567/6/1
f 573/6/1 570/6/1 569/6/1
f 574/6/1 570/6/1 573/6/1
f 575/6/1 572/6/1 571/6/1
f 576/6/1 572/6/1 575/6/1
f 579/8/1 578/8/1 577/8/1
f 580/8/1 578/8/1 579/8/1
f 583/6/1 582/6/1 581/6/1
f 584/6/1 582/6/1 583/6/1
f 589/3/1 586/3/1 585/3/1
f 590/3/1 586/3/1 589/3/1
f 592/6/1 588/6/1 587/6/1
f 593/6/1 588/6/1 592/6/1
f 594/3/1 591/3/1 590/3/1
f 595/3/1 591/3/1 594/3/1
f 598/6/1 597/6/1 596/6/1
f 599/6/1 597/6/1 598/6/1
f 602/6/1 601/6/1 600/6/1
f 603/6/1 601/6/1 602/6/1
f 604/6/1 601/6/1 603/6/1
f 607/7/1 606/7/1 605/7/1
f 608/7/1 606/7/1 607/7/1
f 615/6/1 610/6/1 609/6/1
f 616/6/1 610/6/1 615/6/1
f 617/6/1 612/6/1 611/6/1
f 618/6/1 612/6/1 617/6/1
f 619/6/1 614/6/1 613/6/1
f 620/6/1 614/6/1 619/6/1
f 623/6/1 622/6/1 621/6/1
f 624/6/1 622/6/1 623/6/1
f 627/6/1 626/6/1 625/6/1
f 628/6/1 626/6/1 627/6/1
f 629/7/1 628/7/1 627/7/1
f 630/7/1 628/7/1 629/7/1
f 633/6/1 632/6/1 631/6/1
f 634/6/1 632/6/1 633/6/1
f 637/8/1 636/8/1 635/8/1
f 638/8/1 636/8/1 637/8/1
f 641/6/1 640/6/1 639/6/1
f 642/6/1 640/6/1 641/6/1
f 647/6/1 644/6/1 643/6/1
f 648/6/1 644/6/1 647/6/1
f 651/6/1 646/6/1 645/6/1
f 652/6/1 646/6/1 651/6/1
f 653/6/1 650/6/1 649/6/1
f 654/6/1 650/6/1 653/6/1
f 657/5/1 656/5/1 655/5/1
f 658/5/1 656/5/1 657/5/1
f 661/4/1 660/4/1 659/4/1
f 662/4/1 660/4/1 661/4/1
f 665/6/1 664/6/1 663/6/1
f 666/6/1 664/6/1 665/6/1
f 669/6/1 668/6/1 667/6/1
f 670/6/1 668/6/1 669/6/1
f 673/6/1 672/6/1 671/6/1
f 674/6/1 672/6/1 673/6/1
f 677/8/1 676/8/1 675/8/1
f 678/8/1 676/8/1 677/8/1
f 681/8/1 678/8/1 677/8/1
f 681/8/1 679/8/1 678/8/1
f 682/8/1 679/8/1 681/8/1
f 683/8/1 679/8/1 682/8/1
f 684/8/1 681/8/1 680/8/1
f 684/8/1 682/8/1 681/8/1
f 685/8/1 682/8/1 684/8/1
f 688/5/1 687/5/1 686/5/1
f 689/5/1 687/5/1 688/5/1
f 692/5/1 691/5/1 690/5/1
f 693/5/1 691/5/1 692/5/1
f 696/4/1 695/4/1 694/4/1
f 697/4/1 695/4/1 696/4/1
f 699/4/1 697/4/1 696/4/1
f 699/4/1 698/4/1 697/4/1
f 700/4/1 698/4/1 699/4/1
f 702/4/1 698/4/1 700/4/1
f 703/4/1 702/4/1 701/4/1
f 704/4/1 698/4/1 702/4/1
f 704/4/1 702/4/1 703/4/1
f 705/4/1 698/4/1 704/4/1
f 706/4/1 698/4/1 705/4/1
f 709/6/1 708/6/1 707/6/1
f 710/6/1 708/6/1 709/6/1
f 712/6/1 711/6/1 710/6/1
f 713/6/1 711/6/1 712/6/1
f 716/6/1 715/6/1 714/6/1
f 717/6/1 715/6/1 716/6/1
f 721/8/1 719/8/1 718/8/1
f 722/7/1 720/7/1 719/7/1
f 722/8/1 719/8/1 721/8/1
f 723/7/1 720/7/1 722/7/1
f 726/7/1 725/7/1 724/7/1
f 727/7/1 725/7/1 726/7/1
f 730/8/1 729/8/1 728/8/1
f 731/8/1 729/8/1 730/8/1
f 732/6/2 733/6/2 734/6/2
f 734/6/2 733/6/2 735/6/2
f 736/4/2 737/4/2 738/4/2
f 738/4/2 737/4/2 739/4/2
f 738/4/2 739/4/2 741/4/2
f 739/4/2 740/4/2 741/4/2
f 741/4/2 740/4/2 742/4/2
f 742/4/2 740/4/2 744/4/2
f 743/4/2 744/4/2 745/4/2
f 744/4/2 740/4/2 746/4/2
f 745/4/2 744/4/2 746/4/2
f 746/4/2 740/4/2 747/4/2
f 747/4/2 740/4/2 748/4/2
f 749/6/2 750/6/2 751/6/2
f 751/6/2 750/6/2 752/6/2
f 753/8/2 754/8/2 755/8/2
f 755/8/2 754/8/2 756/8/2
f 757/8/2 758/8/2 759/8/2
f 759/8/2 758/8/2 760/8/2
f 761/4/2 762/4/2 763/4/2
f 763/4/2 762/4/2 764/4/2
f 765/6/2 766/6/2 768/6/2
f 768/6/2 766/6/2 769/6/2
f 767/6/2 768/6/2 769/6/2
f 769/6/2 766/6/2 770/6/2
f 770/6/2 766/6/2 771/6/2
f 767/6/2 769/6/2 772/6/2
f 772/6/2 769/6/2 773/6/2
f 770/6/2 771/6/2 774/6/2
f 774/6/2 771/6/2 775/6/2
f 776/6/2 777/6/2 780/6/2
f 780/6/2 777/6/2 781/6/2
f 778/6/2 779/6/2 782/6/2
f 782/6/2 779/6/2 783/6/2
f 784/6/2 785/6/2 786/6/2
f 786/6/2 785/6/2 787/6/2
f 788/8/2 789/8/2 790/8/2
f 790/8/2 789/8/2 791/8/2
f 790/7/2 791/7/2 792/7/2
f 792/7/2 791/7/2 793/7/2
f 794/1/2 795/1/2 796/1/2
f 796/1/2 795/1/2 797/1/2
f 798/5/2 799/5/2 802/5/2
f 802/5/2 799/5/2 803/5/2
f 800/5/2 801/5/2 804/5/2
f 804/5/2 801/5/2 805/5/2
f 806/6/2 807/6/2 810/6/2
f 810/6/2 807/6/2 811/6/2
f 808/6/2 809/6/2 812/6/2
f 812/6/2 809/6/2 813/6/2
f 814/7/2 815/7/2 818/7/2
f 816/6/2 817/6/2 821/6/2
f 821/6/2 817/6/2 822/6/2
f 814/7/2 818/7/2 823/7/2
f 818/7/2 819/7/2 823/7/2
f 819/8/2 820/8/2 824/8/2
f 823/7/2 819/7/2 824/7/2
f 824/8/2 820/8/2 825/8/2
f 824/7/2 825/7/2 826/7/2
f 826/7/2 825/7/2 827/7/2
f 828/5/2 829/5/2 830/5/2
f 828/5/2 830/5/2 832/5/2
f 830/5/2 831/5/2 832/5/2
f 832/5/2 831/5/2 833/5/2
f 834/6/2 835/6/2 840/6/2
f 840/6/2 835/6/2 841/6/2
f 836/9/2 837/9/2 842/9/2
f 842/9/2 837/9/2 843/9/2
f 838/9/2 839/9/2 844/9/2
f 844/9/2 839/9/2 845/9/2
f 846/6/2 847/6/2 848/6/2
f 848/6/2 847/6/2 849/6/2
f 850/8/2 851/8/2 852/8/2
f 852/8/2 851/8/2 853/8/2
f 854/8/2 855/8/2 856/8/2
f 856/8/2 855/8/2 857/8/2
f 858/5/2 859/5/2 860/5/2
f 860/5/2 859/5/2 861/5/2
f 862/6/2 863/6/2 868/6/2
f 868/6/2 863/6/2 869/6/2
f 864/6/2 865/6/2 870/6/2
f 870/6/2 865/6/2 871/6/2
f 866/7/2 867/7/2 872/7/2
f 872/7/2 867/7/2 873/7/2
f 874/8/2 875/8/2 876/8/2
f 876/8/2 875/8/2 877/8/2
f 878/6/2 879/6/2 884/6/2
f 884/6/2 879/6/2 885/6/2
f 880/6/2 881/6/2 886/6/2
f 886/6/2 881/6/2 887/6/2
f 882/6/2 883/6/2 888/6/2
f 888/6/2 883/6/2 889/6/2
f 890/8/2 891/8/2 893/8/2
f 891/8/2 892/8/2 893/8/2
f 893/8/2 892/8/2 894/8/2
f 894/8/2 892/8/2 895/8/2
f 895/8/2 892/8/2 896/8/2
f 896/8/2 897/8/2 900/8/2
f 900/8/2 897/8/2 901/8/2
f 898/7/2 899/7/2 902/7/2
f 902/7/2 899/7/2 903/7/2
f 904/6/2 905/6/2 906/6/2
f 906/6/2 905/6/2 907/6/2
f 908/3/2 909/3/2 912/3/2
f 912/3/2 909/3/2 913/3/2
f 910/3/2 911/3/2 916/3/2
f 916/3/2 911/3/2 917/3/2
f 914/6/2 915/6/2 919/6/2
f 919/6/2 915/6/2 920/6/2
f 917/3/2 918/3/2 921/3/2
f 921/3/2 918/3/2 922/3/2
f 923/6/2 924/6/2 925/6/2
f 925/6/2 924/6/2 926/6/2
f 927/6/2 928/6/2 934/6/2
f 934/6/2 928/6/2 935/6/2
f 929/9/2 930/9/2 936/9/2
f 936/9/2 930/9/2 937/9/2
f 932/6/2 933/6/2 938/6/2
f 938/6/2 933/6/2 939/6/2
f 937/9/2 930/9/2 942/9/2
f 930/6/2 931/6/2 943/6/2
f 942/9/2 930/9/2 943/9/2
f 943/6/2 931/6/2 944/6/2
f 940/9/2 941/9/2 945/9/2
f 941/6/2 942/6/2 946/6/2
f 945/9/2 941/9/2 946/9/2
f 942/6/2 943/6/2 946/6/2
f 946/6/2 943/6/2 947/6/2
f 940/9/2 945/9/2 950/9/2
f 945/6/2 946/6/2 951/6/2
f 950/9/2 945/9/2 951/9/2
f 948/7/2 949/7/2 952/7/2
f 952/7/2 949/7/2 953/7/2
f 950/6/2 951/6/2 956/6/2
f 951/6/2 946/6/2 957/6/2
f 956/6/2 951/6/2 957/6/2
f 953/6/2 954/6/2 958/6/2
f 958/6/2 954/6/2 959/6/2
f 955/6/2 956/6/2 960/6/2
f 960/6/2 956/6/2 961/6/2
f 962/6/2 963/6/2 969/6/2
f 963/6/2 964/6/2 969/6/2
f 969/6/2 964/6/2 970/6/2
f 965/6/2 966/6/2 971/6/2
f 971/6/2 966/6/2 972/6/2
f 967/6/2 968/6/2 975/6/2
f 975/6/2 968/6/2 976/6/2
f 973/6/2 974/6/2 979/6/2
f 979/6/2 974/6/2 980/6/2
f 977/6/2 978/6/2 983/6/2
f 983/6/2 978/6/2 984/6/2
f 981/6/2 982/6/2 987/6/2
f 987/6/2 982/6/2 988/6/2
f 985/6/2 986/6/2 989/6/2
f 989/6/2 986/6/2 990/6/2
f 987/7/2 988/7/2 991/7/2
f 991/7/2 988/7/2 992/7/2
f 993/6/2 994/6/2 997/6/2
f 997/6/2 994/6/2 998/6/2
f 995/3/2 996/3/2 1004/3/2
f 1004/3/2 996/3/2 1005/3/2
f 996/6/2 997/6/2 1006/6/2
f 1005/3/2 996/3/2 1006/3/2
f 1006/6/2 997/6/2 1007/6/2
f 999/6/2 1000/6/2 1008/6/2
f 1008/6/2 1000/6/2 1009/6/2
f 1001/2/2 1002/2/2 1010/2/2
f 1002/3/2 1003/3/2 1011/3/2
f 1010/2/2 1002/2/2 1011/2/2
f 1011/3/2 1003/3/2 1012/3/2
f 1004/3/2 1005/3/2 1013/3/2
f 1005/6/2 1006/6/2 1014/6/2
f 1013/3/2 1005/3/2 1014/3/2
f 1014/6/2 1006/6/2 1015/6/2
f 1011/4/2 1012/4/2 1018/4/2
f 1012/3/2 1013/3/2 1019/3/2
f 1018/4/2 1012/4/2 1019/4/2
f 1019/3/2 1013/3/2 1020/3/2
f 1016/6/2 1017/6/2 1022/6/2
f 1021/6/2 1022/6/2 1024/6/2
f 1022/6/2 1017/6/2 1025/6/2
f 1024/6/2 1022/6/2 1025/6/2
f 1023/6/2 1024/6/2 1026/6/2
f 1026/6/2 1024/6/2 1027/6/2
f 1028/6/2 1029/6/2 1030/6/2
f 1030/6/2 1029/6/2 1031/6/2
f 1031/6/2 1032/6/2 1034/6/2
f 1034/6/2 1032/6/2 1035/6/2
f 1035/6/2 1032/6/2 1036/6/2
f 1032/9/2 1033/9/2 1037/9/2
f 1036/6/2 1032/6/2 1037/6/2
f 1037/9/2 1033/9/2 1038/9/2
f 1036/9/2 1037/9/2 1040/9/2
f 1039/9/2 1040/9/2 1045/9/2
f 1040/9/2 1037/9/2 1046/9/2
f 1045/9/2 1040/9/2 1046/9/2
f 1041/6/2 1042/6/2 1047/6/2
f 1047/6/2 1042/6/2 1048/6/2
f 1043/6/2 1044/6/2 1049/6/2
f 1049/6/2 1044/6/2 1050/6/2
f 1045/6/2 1046/6/2 1052/6/2
f 1052/6/2 1046/6/2 1053/6/2
f 1053/6/2 1046/6/2 1054/6/2
f 1052/6/2 1053/6/2 1057/6/2
f 1051/6/2 1052/6/2 1057/6/2
f 1057/6/2 1053/6/2 1058/6/2
f 1055/6/2 1056/6/2 1062/6/2
f 1062/6/2 1056/6/2 1063/6/2
f 1051/6/2 1057/6/2 1064/6/2
f 1064/6/2 1057/6/2 1065/6/2
f 1060/8/2 1061/8/2 1066/8/2
f 1059/8/2 1060/8/2 1066/8/2
f 1066/8/2 1061/8/2 1067/8/2
f 1062/6/2 1063/6/2 1070/6/2
f 1063/6/2 1064/6/2 1070/6/2
f 1070/6/2 1064/6/2 1071/6/2
f 1071/6/2 1064/6/2 1072/6/2
f 1059/8/2 1066/8/2 1073/8/2
f 1067/6/2 1068/6/2 1074/6/2
f 1073/8/2 1066/8/2 1074/8/2
f 1066/6/2 1067/6/2 1074/6/2
f 1070/6/2 1071/6/2 1075/6/2
f 1069/6/2 1070/6/2 1075/6/2
f 1075/6/2 1071/6/2 1076/6/2
f 1069/6/2 1075/6/2 1078/6/2
f 1078/6/2 1075/6/2 1079/6/2
f 1074/6/2 1068/6/2 1080/6/2
f 1080/6/2 1068/6/2 1081/6/2
f 1081/6/2 1068/6/2 1082/6/2
f 1077/6/2 1078/6/2 1086/6/2
f 1086/6/2 1078/6/2 1087/6/2
f 1081/6/2 1082/6/2 1088/6/2
f 1082/6/2 1083/6/2 1088/6/2
f 1088/6/2 1083/6/2 1089/6/2
f 1084/6/2 1085/6/2 1092/6/2
f 1092/6/2 1085/6/2 1093/6/2
f 1090/6/2 1091/6/2 1095/6/2
f 1081/6/2 1088/6/2 1096/6/2
f 1094/6/2 1095/6/2 1099/6/2
f 1095/6/2 1091/6/2 1100/6/2
f 1099/6/2 1095/6/2 1100/6/2
f 1100/6/2 1091/6/2 1101/6/2
f 1096/6/2 1097/6/2 1102/6/2
f 1098/6/2 1099/6/2 1103/6/2
f 1099/6/2 1100/6/2 1103/6/2
f 1096/6/2 1102/6/2 1105/6/2
f 1102/6/2 1103/6/2 1105/6/2
f 1081/6/2 1096/6/2 1105/6/2
f 1103/6/2 1100/6/2 1106/6/2
f 1105/6/2 1103/6/2 1106/6/2
f 1106/6/2 1100/6/2 1107/6/2
f 1104/6/2 1105/6/2 1109/6/2
f 1109/6/2 1105/6/2 1110/6/2
f 1108/6/2 1109/6/2 1114/6/2
f 1114/6/2 1109/6/2 1115/6/2
f 1111/6/2 1112/6/2 1116/6/2
f 1116/6/2 1112/6/2 1117/6/2
f 1113/6/2 1114/6/2 1119/6/2
f 1119/6/2 1114/6/2 1120/6/2
f 1118/10/2 1119/10/2 1124/10/2
f 1119/6/2 1120/6/2 1125/6/2
f 1124/10/2 1119/10/2 1125/10/2
f 1120/6/2 1121/6/2 1125/6/2
f 1125/6/2 1121/6/2 1126/6/2
f 1122/6/2 1123/6/2 1129/6/2
f 1129/6/2 1123/6/2 1130/6/2
f 1126/6/2 1127/6/2 1131/6/2
f 1125/6/2 1126/6/2 1131/6/2
f 1131/6/2 1127/6/2 1132/6/2
f 1128/6/2 1129/6/2 1133/6/2
f 1133/6/2 1129/6/2 1134/6/2
f 1135/6/2 1136/6/2 1137/6/2
f 1137/6/2 1136/6/2 1138/6/2
f 1138/6/2 1136/6/2 1139/6/2
f 1139/6/2 1140/6/2 1141/6/2
f 1138/6/2 1139/6/2 1141/6/2
f 1141/6/2 1140/6/2 1142/6/2
f 1142/6/2 1140/6/2 1143/6/2
f 1142/6/2 1143/6/2 1149/6/2
f 1143/6/2 1144/6/2 1149/6/2
f 1144/9/2 1145/9/2 1150/9/2
f 1149/6/2 1144/6/2 1150/6/2
f 1150/9/2 1145/9/2 1151/9/2
f 1146/7/2 1147/7/2 1152/7/2
f 1147/6/2 1148/6/2 1153/6/2
f 1152/7/2 1147/7/2 1153/7/2
f 1153/6/2 1148/6/2 1154/6/2
f 1155/6/2 1156/6/2 1159/6/2
f 1159/6/2 1156/6/2 1160/6/2
f 1157/8/2 1158/8/2 1161/8/2
f 1161/8/2 1158/8/2 1162/8/2
f 1163/8/2 1164/8/2 1165/8/2
f 1165/8/2 1164/8/2 1166/8/2
f 1167/8/2 1168/8/2 1169/8/2
f 1169/8/2 1168/8/2 1170/8/2
f 1170/6/2 1171/6/2 1174/6/2
f 1172/6/2 1173/6/2 1177/6/2
f 1177/6/2 1173/6/2 1178/6/2
f 1174/6/2 1175/6/2 1179/6/2
f 1170/6/2 1174/6/2 1179/6/2
f 1179/6/2 1175/6/2 1180/6/2
f 1180/6/2 1175/6/2 1181/6/2
f 1176/6/2 1177/6/2 1183/6/2
f 1183/6/2 1177/6/2 1184/6/2
f 1181/6/2 1182/6/2 1186/6/2
f 1180/6/2 1181/6/2 1186/6/2
f 1186/6/2 1182/6/2 1187/6/2
f 1187/6/2 1182/6/2 1188/6/2
f 1185/6/2 1186/6/2 1189/6/2
f 1186/6/2 1187/6/2 1189/6/2
f 1189/6/2 1187/6/2 1190/6/2
f 1185/6/2 1189/6/2 1191/6/2
f 1191/6/2 1189/6/2 1192/6/2
f 1192/6/2 1189/6/2 1193/6/2
f 1193/6/2 1189/6/2 1194/6/2
f 1192/6/2 1193/6/2 1195/6/2
f 1195/6/2 1193/6/2 1196/6/2
f 1197/6/2 1198/6/2 1202/6/2
f 1202/6/2 1198/6/2 1203/6/2
f 1203/6/2 1198/6/2 1204/6/2
f 1199/5/2 1200/5/2 1205/5/2
f 1205/5/2 1200/5/2 1206/5/2
f 1201/6/2 1202/6/2 1210/6/2
f 1202/6/2 1203/6/2 1210/6/2
f 1207/1/2 1208/1/2 1211/1/2
f 1211/1/2 1208/1/2 1212/1/2
f 1209/6/2 1210/6/2 1213/6/2
f 1210/6/2 1203/6/2 1214/6/2
f 1213/6/2 1210/6/2 1214/6/2
f 1214/6/2 1203/6/2 1215/6/2
f 1215/6/2 1203/6/2 1216/6/2
f 1214/6/2 1215/6/2 1217/6/2
f 1217/6/2 1215/6/2 1218/6/2
f 1218/6/2 1215/6/2 1219/6/2
f 1219/6/2 1215/6/2 1220/6/2
f 1218/6/2 1219/6/2 1221/6/2
f 1221/6/2 1219/6/2 1222/6/2
f 1223/6/2 1224/6/2 1225/6/2
f 1225/6/2 1224/6/2 1226/6/2
f 1226/6/2 1224/6/2 1227/6/2
f 1227/6/2 1228/6/2 1229/6/2
f 1226/6/2 1227/6/2 1229/6/2
f 1229/6/2 1228/6/2 1230/6/2
f 1230/6/2 1228/6/2 1231/6/2
f 1231/6/2 1232/6/2 1235/6/2
f 1230/6/2 1231/6/2 1235/6/2
f 1233/6/2 1234/6/2 1238/6/2
f 1238/6/2 1234/6/2 1239/6/2
f 1230/6/2 1235/6/2 1240/6/2
f 1240/6/2 1235/6/2 1241/6/2
f 1235/8/2 1236/8/2 1242/8/2
f 1241/6/2 1235/6/2 1242/6/2
f 1242/8/2 1236/8/2 1243/8/2
f 1243/8/2 1236/8/2 1244/8/2
f 1240/6/2 1241/6/2 1245/6/2
f 1242/8/2 1243/8/2 1246/8/2
f 1245/6/2 1241/6/2 1246/6/2
f 1241/8/2 1242/8/2 1246/8/2
f 1246/8/2 1243/8/2 1247/8/2
f 1237/6/2 1238/6/2 1249/6/2
f 1248/8/2 1249/8/2 1250/8/2
f 1249/6/2 1238/6/2 1251/6/2
f 1250/8/2 1249/8/2 1251/8/2
f 1251/6/2 1238/6/2 1252/6/2
f 1252/6/2 1238/6/2 1253/6/2
f 1254/6/2 1255/6/2 1256/6/2
f 1253/6/2 1254/6/2 1256/6/2
f 1253/6/2 1256/6/2 1258/6/2
f 1256/6/2 1257/6/2 1258/6/2
f 1258/6/2 1257/6/2 1259/6/2
f 1259/6/2 1260/6/2 1261/6/2
f 1261/6/2 1260/6/2 1262/6/2
f 1263/5/2 1264/5/2 1265/5/2
f 1265/5/2 1264/5/2 1267/5/2
f 1266/5/2 1267/5/2 1268/5/2
f 1267/5/2 1264/5/2 1269/5/2
f 1268/5/2 1267/5/2 1269/5/2
f 1269/5/2 1264/5/2 1270/5/2
f 1271/4/2 1272/4/2 1273/4/2
f 1273/4/2 1272/4/2 1274/4/2
f 1273/4/2 1274/4/2 1276/4/2
f 1274/4/2 1275/4/2 1276/4/2
f 1276/4/2 1275/4/2 1277/4/2
f 1277/4/2 1275/4/2 1279/4/2
f 1278/4/2 1279/4/2 1280/4/2
f 1279/4/2 1275/4/2 1281/4/2
f 1280/4/2 1279/4/2 1281/4/2
f 1281/4/2 1275/4/2 1282/4/2
f 1282/4/2 1275/4/2 1283/4/2
f 1284/6/2 1285/6/2 1286/6/2
f 1286/6/2 1285/6/2 1287/6/2
f 1287/6/2 1288/6/2 1289/6/2
f 1289/6/2 1288/6/2 1290/6/2
f 1290/6/2 1291/6/2 1292/6/2
f 1292/6/2 1291/6/2 1293/6/2
f 1292/8/2 1293/8/2 1296/8/2
f 1296/8/2 1293/8/2 1297/8/2
f 1298/8/2 1299/8/2 1300/8/2
f 1300/8/2 1299/8/2 1301/8/2
f 1294/6/2 1295/6/2 1302/6/2
f 1301/8/2 1299/8/2 1304/8/2
f 1304/8/2 1299/8/2 1305/8/2
f 1294/6/2 1302/6/2 1306/6/2
f 1302/8/2 1303/8/2 1307/8/2
f 1306/6/2 1302/6/2 1307/6/2
f 1307/8/2 1303/8/2 1308/8/2
f 1308/6/2 1309/6/2 1310/6/2
f 1310/6/2 1309/6/2 1311/6/2
f 1312/5/2 1313/5/2 1314/5/2
f 1314/5/2 1313/5/2 1315/5/2
f 1316/5/2 1317/5/2 1318/5/2
f 1318/5/2 1317/5/2 1319/5/2
f 1320/4/2 1321/4/2 1322/4/2
f 1322/4/2 1321/4/2 1323/4/2
f 1324/6/2 1325/6/2 1326/6/2
f 1324/6/2 1326/6/2 1329/6/2
f 1326/6/2 1327/6/2 1329/6/2
f 1329/6/2 1327/6/2 1330/6/2
f 1328/6/2 1329/6/2 1333/6/2
f 1330/6/2 1331/6/2 1333/6/2
f 1329/6/2 1330/6/2 1333/6/2
f 1333/6/2 1331/6/2 1334/6/2
f 1332/7/2 1333/7/2 1336/7/2
f 1334/6/2 1335/6/2 1336/6/2
f 1333/6/2 1334/6/2 1336/6/2
f 1336/6/2 1335/6/2 1337/6/2
f 1336/8/2 1337/8/2 1338/8/2
f 1337/6/2 1335/6/2 1338/6/2
f 1338/6/2 1335/6/2 1339/6/2
f 1332/7/2 1336/7/2 1340/7/2
f 1336/8/2 1338/8/2 1341/8/2
f 1340/7/2 1336/7/2 1341/7/2
f 1338/8/2 1339/8/2 1341/8/2
f 1339/6/2 1335/6/2 1342/6/2
f 1341/8/2 1339/8/2 1342/8/2
f 1342/6/2 1335/6/2 1343/6/2
f 1341/8/2 1342/8/2 1346/8/2
f 1346/8/2 1342/8/2 1347/8/2
f 1344/8/2 1345/8/2 1348/8/2
f 1348/8/2 1345/8/2 1349/8/2
f 1341/8/2 1346/8/2 1351/8/2
f 1351/8/2 1346/8/2 1352/8/2
f 1349/8/2 1350/8/2 1353/8/2
f 1353/8/2 1350/8/2 1354/8/2
f 1354/8/2 1350/8/2 1355/8/2
f 1356/7/2 1357/7/2 1360/7/2
f 1360/7/2 1357/7/2 1361/7/2
f 1358/8/2 1359/8/2 1362/8/2
f 1362/8/2 1359/8/2 1363/8/2
f 1364/8/2 1365/8/2 1367/8/2
f 1367/8/2 1365/8/2 1368/8/2
f 1366/8/2 1367/8/2 1370/8/2
f 1368/8/2 1369/8/2 1370/8/2
f 1367/8/2 1368/8/2 1370/8/2
f 1370/8/2 1369/8/2 1371/8/2
f 1371/8/2 1369/8/2 1372/8/2
f 1372/8/2 1373/8/2 1374/8/2
f 1371/8/2 1372/8/2 1374/8/2
f 1374/8/2 1373/8/2 1375/8/2
f 1371/8/2 1374/8/2 1376/8/2
f 1376/8/2 1374/8/2 1377/8/2
f 1380/3/3 1379/3/3 1378/3/3
f 1381/3/3 1379/3/3 1380/3/3
f 1384/1/3 1383/1/3 1382/1/3
f 1385/1/3 1383/1/3 1384/1/3
f 1388/3/3 1387/3/3 1386/3/3
f 1389/3/3 1387/3/3 1388/3/3
f 1392/3/3 1390/3/3 1389/3/3
f 1393/3/3 1390/3/3 1392/3/3
f 1394/2/3 1392/2/3 1391/2/3
f 1395/2/3 1392/2/3 1394/2/3
f 1398/5/3 1397/5/3 1396/5/3
f 1399/5/3 1397/5/3 1398/5/3
f 1403/10/3 1400/10/3 1399/10/3
f 1404/5/3 1401/5/3 1400/5/3
f 1404/10/3 1400/10/3 1403/10/3
f 1405/5/3 1401/5/3 1404/5/3
f 1406/5/3 1403/5/3 1402/5/3
f 1406/5/3 1404/5/3 1403/5/3
f 1407/5/3 1404/5/3 1406/5/3
f 1410/4/3 1409/4/3 1408/4/3
f 1411/4/3 1409/4/3 1410/4/3
f 1414/4/3 1413/4/3 1412/4/3
f 1415/4/3 1413/4/3 1414/4/3
f 1418/5/3 1417/5/3 1416/5/3
f 1420/5/3 1418/5/3 1416/5/3
f 1420/5/3 1419/5/3 1418/5/3
f 1421/5/3 1419/5/3 1420/5/3
f 1422/5/3 1419/5/3 1421/5/3
f 1425/5/3 1424/5/3 1423/5/3
f 1428/5/3 1425/5/3 1423/5/3
f 1428/5/3 1426/5/3 1425/5/3
f 1429/5/3 1426/5/3 1428/5/3
f 1430/5/3 1426/5/3 1429/5/3
f 1431/5/3 1426/5/3 1430/5/3
f 1432/5/3 1428/5/3 1427/5/3
f 1433/5/3 1428/5/3 1432/5/3
f 1438/5/3 1435/5/3 1434/5/3
f 1439/5/3 1435/5/3 1438/5/3
f 1440/7/3 1437/7/3 1436/7/3
f 1441/7/3 1437/7/3 1440/7/3
f 1446/5/3 1443/5/3 1442/5/3
f 1447/5/3 1443/5/3 1446/5/3
f 1448/5/3 1445/5/3 1444/5/3
f 1449/5/3 1445/5/3 1448/5/3
f 1450/3/3 1449/3/3 1448/3/3
f 1451/3/3 1449/3/3 1450/3/3
f 1456/5/3 1453/5/3 1452/5/3
f 1457/5/3 1453/5/3 1456/5/3
f 1458/5/3 1455/5/3 1454/5/3
f 1459/5/3 1455/5/3 1458/5/3
f 1460/5/3 1455/5/3 1459/5/3
f 1465/7/3 1462/7/3 1461/7/3
f 1466/7/3 1462/7/3 1465/7/3
f 1467/7/3 1464/7/3 1463/7/3
f 1468/7/3 1464/7/3 1467/7/3
f 1472/8/3 1469/8/3 1468/8/3
f 1472/8/3 1468/8/3 1467/8/3
f 1473/8/3 1469/8/3 1472/8/3
f 1474/10/3 1471/10/3 1470/10/3
f 1475/10/3 1471/10/3 1474/10/3
f 1476/8/3 1472/8/3 1467/8/3
f 1477/8/3 1472/8/3 1476/8/3
f 1480/3/3 1479/3/3 1478/3/3
f 1481/3/3 1479/3/3 1480/3/3
f 1483/6/3 1475/6/3 1474/6/3
f 1484/6/3 1475/6/3 1483/6/3
f 1485/1/3 1483/1/3 1482/1/3
f 1486/10/3 1484/10/3 1483/10/3
f 1486/1/3 1483/1/3 1485/1/3
f 1487/10/3 1484/10/3 1486/10/3
f 1491/7/3 1489/7/3 1488/7/3
f 1492/7/3 1489/7/3 1491/7/3
f 1497/7/3 1491/7/3 1490/7/3
f 1498/7/3 1491/7/3 1497/7/3
f 1499/7/3 1496/7/3 1495/7/3
f 1500/7/3 1496/7/3 1499/7/3
f 1501/7/3 1494/7/3 1493/7/3
f 1502/7/3 1494/7/3 1501/7/3
f 1508/8/3 1500/8/3 1499/8/3
f 1509/8/3 1504/8/3 1503/8/3
f 1510/8/3 1504/8/3 1509/8/3
f 1511/8/3 1508/8/3 1507/8/3
f 1511/8/3 1500/8/3 1508/8/3
f 1512/6/3 1506/6/3 1505/6/3
f 1513/8/3 1511/8/3 1507/8/3
f 1514/8/3 1511/8/3 1513/8/3
f 1515/6/3 1506/6/3 1512/6/3
f 1516/6/3 1506/6/3 1515/6/3
f 1520/7/3 1518/7/3 1517/7/3
f 1521/7/3 1518/7/3 1520/7/3
f 1523/7/3 1520/7/3 1519/7/3
f 1524/7/3 1520/7/3 1523/7/3
f 1525/7/3 1518/7/3 1521/7/3
f 1526/7/3 1518/7/3 1525/7/3
f 1527/7/3 1523/7/3 1522/7/3
f 1528/7/3 1523/7/3 1527/7/3
f 1533/6/3 1532/6/3 1531/6/3
f 1534/6/3 1532/6/3 1533/6/3
f 1537/8/3 1530/8/3 1529/8/3
f 1538/8/3 1530/8/3 1537/8/3
f 1541/8/3 1540/8/3 1539/8/3
f 1542/8/3 1540/8/3 1541/8/3
f 1547/6/3 1536/6/3 1535/6/3
f 1548/6/3 1536/6/3 1547/6/3
f 1549/8/3 1544/8/3 1543/8/3
f 1550/6/3 1546/6/3 1545/6/3
f 1551/6/3 1546/6/3 1550/6/3
f 1553/8/3 1549/8/3 1543/8/3
f 1554/8/3 1549/8/3 1553/8/3
f 1555/6/3 1552/6/3 1551/6/3
f 1556/6/3 1552/6/3 1555/6/3
f 1560/7/3 1558/7/3 1557/7/3
f 1561/7/3 1558/7/3 1560/7/3
f 1565/7/3 1560/7/3 1559/7/3
f 1565/7/3 1561/7/3 1560/7/3
f 1566/7/3 1561/7/3 1565/7/3
f 1567/7/3 1563/7/3 1562/7/3
f 1568/7/3 1563/7/3 1567/7/3
f 1570/7/3 1565/7/3 1564/7/3
f 1571/7/3 1565/7/3 1570/7/3
f 1579/7/3 1570/7/3 1569/7/3
f 1579/7/3 1571/7/3 1570/7/3
f 1580/7/3 1571/7/3 1579/7/3
f 1581/7/3 1571/7/3 1580/7/3
f 1582/7/3 1574/7/3 1573/7/3
f 1582/7/3 1575/7/3 1574/7/3
f 1582/8/3 1573/8/3 1572/8/3
f 1583/7/3 1575/7/3 1582/7/3
f 1584/7/3 1575/7/3 1583/7/3
f 1585/6/3 1577/6/3 1576/6/3
f 1586/6/3 1577/6/3 1585/6/3
f 1587/6/3 1577/6/3 1586/6/3
f 1591/7/3 1580/7/3 1579/7/3
f 1591/7/3 1579/7/3 1578/7/3
f 1592/7/3 1580/7/3 1591/7/3
f 1593/7/3 1580/7/3 1592/7/3
f 1594/8/3 1582/8/3 1572/8/3
f 1594/8/3 1583/8/3 1582/8/3
f 1595/6/3 1584/6/3 1583/6/3
f 1595/8/3 1583/8/3 1594/8/3
f 1595/6/3 1586/6/3 1585/6/3
f 1595/6/3 1585/6/3 1584/6/3
f 1596/6/3 1586/6/3 1595/6/3
f 1597/6/3 1586/6/3 1596/6/3
f 1598/6/3 1589/6/3 1588/6/3
f 1599/6/3 1589/6/3 1598/6/3
f 1600/7/3 1591/7/3 1590/7/3
f 1600/7/3 1592/7/3 1591/7/3
f 1601/6/3 1593/6/3 1592/6/3
f 1601/7/3 1592/7/3 1600/7/3
f 1602/6/3 1593/6/3 1601/6/3
f 1603/6/3 1593/6/3 1602/6/3
f 1605/8/3 1594/8/3 1572/8/3
f 1606/8/3 1594/8/3 1605/8/3
f 1607/6/3 1596/6/3 1595/6/3
f 1608/6/3 1596/6/3 1607/6/3
f 1609/7/3 1600/7/3 1590/7/3
f 1610/7/3 1600/7/3 1609/7/3
f 1611/8/3 1603/8/3 1602/8/3
f 1612/8/3 1603/8/3 1611/8/3
f 1613/6/3 1605/6/3 1604/6/3
f 1614/6/3 1605/6/3 1613/6/3
f 1615/6/3 1596/6/3 1608/6/3
f 1616/6/3 1596/6/3 1615/6/3
f 1618/6/3 1613/6/3 1604/6/3
f 1619/6/3 1613/6/3 1618/6/3
f 1620/6/3 1617/6/3 1616/6/3
f 1621/6/3 1617/6/3 1620/6/3
f 1627/6/3 1622/6/3 1621/6/3
f 1628/6/3 1622/6/3 1627/6/3
f 1629/6/3 1624/6/3 1623/6/3
f 1630/6/3 1624/6/3 1629/6/3
f 1631/8/3 1626/8/3 1625/8/3
f 1632/8/3 1626/8/3 1631/8/3
f 1637/7/3 1634/7/3 1633/7/3
f 1638/7/3 1634/7/3 1637/7/3
f 1641/7/3 1636/7/3 1635/7/3
f 1642/7/3 1636/7/3 1641/7/3
f 1646/6/3 1640/6/3 1639/6/3
f 1647/6/3 1640/6/3 1646/6/3
f 1648/6/3 1643/6/3 1642/6/3
f 1649/6/3 1643/6/3 1648/6/3
f 1650/6/3 1645/6/3 1644/6/3
f 1651/6/3 1645/6/3 1650/6/3
f 1652/6/3 1646/6/3 1639/6/3
f 1653/6/3 1646/6/3 1652/6/3
f 1660/6/3 1657/6/3 1656/6/3
f 1662/6/3 1655/6/3 1654/6/3
f 1663/6/3 1655/6/3 1662/6/3
f 1665/7/3 1659/7/3 1658/7/3
f 1666/6/3 1660/6/3 1656/6/3
f 1667/6/3 1660/6/3 1666/6/3
f 1669/6/3 1664/6/3 1663/6/3
f 1669/6/3 1662/6/3 1661/6/3
f 1669/6/3 1663/6/3 1662/6/3
f 1670/6/3 1664/6/3 1669/6/3
f 1672/7/3 1665/7/3 1658/7/3
f 1672/6/3 1666/6/3 1665/6/3
f 1673/6/3 1666/6/3 1672/6/3
f 1676/6/3 1671/6/3 1670/6/3
f 1676/6/3 1670/6/3 1669/6/3
f 1676/6/3 1669/6/3 1668/6/3
f 1677/6/3 1671/6/3 1676/6/3
f 1681/7/3 1672/7/3 1658/7/3
f 1682/7/3 1672/7/3 1681/7/3
f 1683/8/3 1675/8/3 1674/8/3
f 1684/8/3 1675/8/3 1683/8/3
f 1685/6/3 1678/6/3 1677/6/3
f 1686/6/3 1678/6/3 1685/6/3
f 1687/6/3 1680/6/3 1679/6/3
f 1688/6/3 1680/6/3 1687/6/3
f 1693/8/3 1690/8/3 1689/8/3
f 1694/8/3 1690/8/3 1693/8/3
f 1695/6/3 1692/6/3 1691/6/3
f 1699/6/3 1696/6/3 1695/6/3
f 1699/6/3 1695/6/3 1691/6/3
f 1700/6/3 1696/6/3 1699/6/3
f 1701/7/3 1698/7/3 1697/7/3
f 1702/7/3 1698/7/3 1701/7/3
f 1703/6/3 1699/6/3 1691/6/3
f 1704/6/3 1699/6/3 1703/6/3
f 1708/6/3 1706/6/3 1705/6/3
f 1709/6/3 1706/6/3 1708/6/3
f 1712/6/3 1708/6/3 1707/6/3
f 1712/6/3 1709/6/3 1708/6/3
f 1714/6/3 1711/6/3 1710/6/3
f 1715/6/3 1711/6/3 1714/6/3
f 1716/6/3 1709/6/3 1712/6/3
f 1717/6/3 1709/6/3 1716/6/3
f 1718/6/3 1714/6/3 1713/6/3
f 1719/6/3 1714/6/3 1718/6/3
f 1728/6/3 1723/6/3 1722/6/3
f 1729/6/3 1723/6/3 1728/6/3
f 1732/8/3 1725/8/3 1724/8/3
f 1733/8/3 1725/8/3 1732/8/3
f 1734/8/3 1727/8/3 1726/8/3
f 1735/8/3 1727/8/3 1734/8/3
f 1736/6/3 1731/6/3 1730/6/3
f 1737/6/3 1731/6/3 1736/6/3
f 1738/4/3 1721/4/3 1720/4/3
f 1739/4/3 1721/4/3 1738/4/3
f 1743/6/3 1741/6/3 1740/6/3
f 1744/6/3 1743/6/3 1742/6/3
f 1745/6/3 1741/6/3 1743/6/3
f 1745/6/3 1743/6/3 1744/6/3
f 1746/6/3 1741/6/3 1745/6/3
f 1747/6/3 1741/6/3 1746/6/3
f 1752/7/3 1747/7/3 1746/7/3
f 1756/6/3 1749/6/3 1748/6/3
f 1757/6/3 1749/6/3 1756/6/3
f 1758/7/3 1752/7/3 1746/7/3
f 1758/6/3 1753/6/3 1752/6/3
f 1759/6/3 1753/6/3 1758/6/3
f 1760/6/3 1755/6/3 1754/6/3
f 1761/6/3 1755/6/3 1760/6/3
f 1762/7/3 1758/7/3 1746/7/3
f 1763/6/3 1760/6/3 1759/6/3
f 1764/6/3 1760/6/3 1763/6/3
f 1765/6/3 1760/6/3 1764/6/3
f 1766/4/3 1751/4/3 1750/4/3
f 1767/4/3 1751/4/3 1766/4/3
f 1768/7/3 1762/7/3 1746/7/3
f 1768/7/3 1763/7/3 1762/7/3
f 1768/7/3 1764/7/3 1763/7/3
f 1769/7/3 1764/7/3 1768/7/3
f 1776/6/3 1771/6/3 1770/6/3
f 1777/6/3 1771/6/3 1776/6/3
f 1778/6/3 1773/6/3 1772/6/3
f 1779/6/3 1773/6/3 1778/6/3
f 1780/8/3 1775/8/3 1774/8/3
f 1781/8/3 1775/8/3 1780/8/3
f 1784/7/3 1783/7/3 1782/7/3
f 1785/7/3 1783/7/3 1784/7/3
f 1786/6/3 1776/6/3 1770/6/3
f 1787/6/3 1776/6/3 1786/6/3
f 1788/6/3 1776/6/3 1787/6/3
f 1789/6/3 1776/6/3 1788/6/3
f 1792/6/3 1788/6/3 1787/6/3
f 1793/6/3 1788/6/3 1792/6/3
f 1794/6/3 1791/6/3 1790/6/3
f 1795/6/3 1791/6/3 1794/6/3
f 1798/6/3 1797/6/3 1796/6/3
f 1803/6/3 1800/6/3 1799/6/3
f 1804/6/3 1800/6/3 1803/6/3
f 1805/6/3 1802/6/3 1801/6/3
f 1806/6/3 1802/6/3 1805/6/3
f 1809/6/3 1808/6/3 1807/6/3
f 1810/6/3 1808/6/3 1809/6/3
f 1813/6/3 1798/6/3 1796/6/3
f 1814/6/3 1798/6/3 1813/6/3
f 1815/8/3 1812/8/3 1811/8/3
f 1816/8/3 1812/8/3 1815/8/3
f 1825/8/3 1818/8/3 1817/8/3
f 1826/8/3 1818/8/3 1825/8/3
f 1827/8/3 1820/8/3 1819/8/3
f 1828/8/3 1820/8/3 1827/8/3
f 1834/6/3 1824/6/3 1823/6/3
f 1835/6/3 1824/6/3 1834/6/3
f 1836/8/3 1829/8/3 1828/8/3
f 1837/8/3 1829/8/3 1836/8/3
f 1839/4/3 1831/4/3 1830/4/3
f 1840/4/3 1831/4/3 1839/4/3
f 1841/4/3 1833/4/3 1832/4/3
f 1842/4/3 1833/4/3 1841/4/3
f 1843/7/3 1838/7/3 1837/7/3
f 1844/7/3 1838/7/3 1843/7/3
f 1845/6/3 1822/6/3 1821/6/3
f 1846/6/3 1822/6/3 1845/6/3
f 1849/6/3 1848/6/3 1847/6/3
f 1850/6/3 1848/6/3 1849/6/3
f 1854/6/3 1852/6/3 1851/6/3
f 1861/4/3 1856/4/3 1855/4/3
f 1862/4/3 1856/4/3 1861/4/3
f 1863/4/3 1858/4/3 1857/4/3
f 1864/4/3 1858/4/3 1863/4/3
f 1866/6/3 1860/6/3 1859/6/3
f 1867/6/3 1860/6/3 1866/6/3
f 1868/6/3 1854/6/3 1853/6/3
f 1869/6/3 1852/6/3 1854/6/3
f 1869/6/3 1854/6/3 1868/6/3
f 1871/8/3 1866/8/3 1865/8/3
f 1872/8/3 1871/8/3 1870/8/3
f 1873/8/3 1866/8/3 1871/8/3
f 1873/8/3 1871/8/3 1872/8/3
f 1878/8/3 1875/8/3 1874/8/3
f 1879/8/3 1875/8/3 1878/8/3
f 1880/8/3 1877/8/3 1876/8/3
f 1881/8/3 1877/8/3 1880/8/3
f 1888/4/3 1883/4/3 1882/4/3
f 1889/4/3 1883/4/3 1888/4/3
f 1890/4/3 1885/4/3 1884/4/3
f 1891/4/3 1885/4/3 1890/4/3
f 1892/6/3 1887/6/3 1886/6/3
f 1893/6/3 1887/6/3 1892/6/3
f 1896/6/3 1895/6/3 1894/6/3
f 1897/6/3 1895/6/3 1896/6/3
f 1905/6/3 1899/6/3 1898/6/3
f 1906/6/3 1899/6/3 1905/6/3
f 1907/4/3 1901/4/3 1900/4/3
f 1908/4/3 1901/4/3 1907/4/3
f 1909/4/3 1903/4/3 1902/4/3
f 1910/4/3 1903/4/3 1909/4/3
f 1912/8/3 1905/8/3 1904/8/3
f 1915/8/3 1914/8/3 1913/8/3
f 1916/8/3 1914/8/3 1915/8/3
f 1917/8/3 1912/8/3 1911/8/3
f 1918/8/3 1905/8/3 1912/8/3
f 1918/8/3 1912/8/3 1917/8/3
f 1921/8/3 1920/8/3 1919/8/3
f 1922/8/3 1920/8/3 1921/8/3
f 1925/6/3 1924/6/3 1923/6/3
f 1926/6/3 1924/6/3 1925/6/3
f 1929/6/3 1928/6/3 1927/6/3
f 1930/6/3 1928/6/3 1929/6/3
f 1933/6/3 1932/6/3 1931/6/3
f 1934/6/3 1932/6/3 1933/6/3
f 1937/8/3 1936/8/3 1935/8/3
f 1938/8/3 1936/8/3 1937/8/3
f 1945/6/3 1940/6/3 1939/6/3
f 1946/6/3 1940/6/3 1945/6/3
f 1947/6/3 1944/6/3 1943/6/3
f 1948/6/3 1944/6/3 1947/6/3
f 1951/6/3 1942/6/3 1941/6/3
f 1952/6/3 1942/6/3 1951/6/3
f 1953/6/3 1950/6/3 1949/6/3
f 1954/6/3 1950/6/3 1953/6/3
f 1957/6/3 1956/6/3 1955/6/3
f 1958/6/3 1956/6/3 1957/6/3
f 1961/6/3 1960/6/3 1959/6/3
f 1962/6/3 1960/6/3 1961/6/3
f 1965/8/3 1964/8/3 1963/8/3
f 1966/8/3 1964/8/3 1965/8/3
f 1971/7/3 1968/7/3 1967/7/3
f 1972/7/3 1968/7/3 1971/7/3
f 1973/6/3 1970/6/3 1969/6/3
f 1974/6/3 1970/6/3 1973/6/3
f 1977/6/3 1976/6/3 1975/6/3
f 1978/6/3 1976/6/3 1977/6/3
f 1983/6/3 1982/6/3 1981/6/3
f 1984/6/3 1982/6/3 1983/6/3
f 1985/6/3 1980/6/3 1979/6/3
f 1986/6/3 1980/6/3 1985/6/3
f 1989/6/3 1988/6/3 1987/6/3
f 1990/6/3 1988/6/3 1989/6/3
f 1993/8/3 1992/8/3 1991/8/3
f 1994/8/3 1992/8/3 1993/8/3
f 1997/6/3 1996/6/3 1995/6/3
f 1998/6/3 1996/6/3 1997/6/3
f 2001/9/3 2000/9/3 1999/9/3
f 2002/9/3 2000/9/3 2001/9/3
f 2005/6/3 2004/6/3 2003/6/3
f 2006/6/3 2004/6/3 2005/6/3
f 2009/6/3 2008/6/3 2007/6/3
f 2010/6/3 2008/6/3 2009/6/3
f 2013/6/3 2012/6/3 2011/6/3
f 2014/6/3 2012/6/3 2013/6/3
f 2015/9/3 2014/9/3 2013/9/3
f 2016/9/3 2014/9/3 2015/9/3
f 2019/6/3 2018/6/3 2017/6/3
f 2020/6/3 2018/6/3 2019/6/3
f 2023/9/3 2022/9/3 2021/9/3
f 2024/9/3 2022/9/3 2023/9/3
f 2027/9/3 2026/9/3 2025/9/3
f 2028/9/3 2026/9/3 2027/9/3
f 2031/9/3 2030/9/3 2029/9/3
f 2032/9/3 2030/9/3 2031/9/3
f 2033/5/4 2034/5/4 2035/5/4
f 2035/5/4 2034/5/4 2036/5/4
f 2037/5/4 2038/5/4 2039/5/4
f 2039/5/4 2038/5/4 2040/5/4
f 2041/5/4 2042/5/4 2043/5/4
f 2043/5/4 2042/5/4 2044/5/4
f 2045/5/4 2046/5/4 2047/5/4
f 2045/5/4 2047/5/4 2050/5/4
f 2047/10/4 2048/10/4 2051/10/4
f 2050/5/4 2047/5/4 2051/5/4
f 2048/5/4 2049/5/4 2052/5/4
f 2051/10/4 2048/10/4 2052/10/4
f 2052/5/4 2049/5/4 2053/5/4
f 2050/5/4 2051/5/4 2054/5/4
f 2054/5/4 2051/5/4 2055/5/4
f 2056/5/4 2057/5/4 2059/5/4
f 2059/5/4 2057/5/4 2060/5/4
f 2059/5/4 2060/5/4 2063/5/4
f 2061/5/4 2062/5/4 2063/5/4
f 2060/5/4 2061/5/4 2063/5/4
f 2058/5/4 2059/5/4 2063/5/4
f 2063/5/4 2062/5/4 2064/5/4
f 2064/5/4 2062/5/4 2065/5/4
f 2065/5/4 2062/5/4 2066/5/4
f 2067/1/4 2068/1/4 2071/1/4
f 2071/1/4 2068/1/4 2072/1/4
f 2069/1/4 2070/1/4 2073/1/4
f 2073/1/4 2070/1/4 2074/1/4
f 2071/5/4 2072/5/4 2075/5/4
f 2072/5/4 2073/5/4 2075/5/4
f 2075/5/4 2073/5/4 2076/5/4
f 2076/5/4 2073/5/4 2077/5/4
f 2078/1/4 2079/1/4 2080/1/4
f 2080/1/4 2079/1/4 2081/1/4
f 2082/8/4 2083/8/4 2085/8/4
f 2083/7/4 2084/7/4 2086/7/4
f 2085/8/4 2083/8/4 2086/8/4
f 2086/7/4 2084/7/4 2087/7/4
f 2088/7/4 2089/7/4 2090/7/4
f 2090/7/4 2089/7/4 2091/7/4
f 2092/7/4 2093/7/4 2094/7/4
f 2094/7/4 2093/7/4 2095/7/4
f 2096/6/4 2097/6/4 2098/6/4
f 2098/6/4 2097/6/4 2099/6/4
f 2100/6/4 2101/6/4 2104/6/4
f 2104/6/4 2101/6/4 2105/6/4
f 2102/6/4 2103/6/4 2106/6/4
f 2106/6/4 2103/6/4 2107/6/4
f 2108/6/4 2109/6/4 2110/6/4
f 2110/6/4 2109/6/4 2111/6/4
f 2112/8/4 2113/8/4 2114/8/4
f 2114/8/4 2113/8/4 2115/8/4
f 2116/6/4 2117/6/4 2118/6/4
f 2118/6/4 2117/6/4 2119/6/4
f 2120/6/4 2121/6/4 2122/6/4
f 2122/6/4 2121/6/4 2123/6/4
f 2123/6/4 2124/6/4 2125/6/4
f 2125/6/4 2124/6/4 2126/6/4
f 2127/6/4 2128/6/4 2130/6/4
f 2130/6/4 2128/6/4 2131/6/4
f 2129/6/4 2130/6/4 2133/6/4
f 2133/6/4 2130/6/4 2134/6/4
f 2132/6/4 2133/6/4 2135/6/4
f 2135/6/4 2133/6/4 2136/6/4
f 2137/4/4 2138/4/4 2139/4/4
f 2139/4/4 2138/4/4 2140/4/4
f 2141/6/4 2142/6/4 2147/6/4
f 2147/6/4 2142/6/4 2148/6/4
f 2143/7/4 2144/7/4 2149/7/4
f 2149/7/4 2144/7/4 2150/7/4
f 2145/4/4 2146/4/4 2151/4/4
f 2151/4/4 2146/4/4 2152/4/4
f 2153/6/4 2154/6/4 2155/6/4
f 2155/6/4 2154/6/4 2156/6/4
f 2157/6/4 2158/6/4 2159/6/4
f 2159/6/4 2158/6/4 2160/6/4
f 2161/6/4 2162/6/4 2163/6/4
f 2163/6/4 2162/6/4 2164/6/4
f 2165/6/4 2166/6/4 2170/6/4
f 2170/6/4 2166/6/4 2171/6/4
f 2171/6/4 2166/6/4 2172/6/4
f 2167/6/4 2168/6/4 2175/6/4
f 2175/6/4 2168/6/4 2176/6/4
f 2169/6/4 2170/6/4 2177/6/4
f 2170/6/4 2171/6/4 2177/6/4
f 2177/6/4 2171/6/4 2178/6/4
f 2173/4/4 2174/4/4 2179/4/4
f 2179/4/4 2174/4/4 2180/4/4
f 2181/4/4 2182/4/4 2183/4/4
f 2183/4/4 2182/4/4 2184/4/4
f 2185/8/4 2186/8/4 2189/8/4
f 2189/8/4 2186/8/4 2190/8/4
f 2187/4/4 2188/4/4 2192/4/4
f 2192/4/4 2188/4/4 2193/4/4
f 2190/7/4 2191/7/4 2195/7/4
f 2195/7/4 2191/7/4 2196/7/4
f 2194/8/4 2195/8/4 2200/8/4
f 2196/7/4 2197/7/4 2201/7/4
f 2200/8/4 2195/8/4 2201/8/4
f 2195/7/4 2196/7/4 2201/7/4
f 2201/7/4 2197/7/4 2202/7/4
f 2202/7/4 2197/7/4 2203/7/4
f 2198/6/4 2199/6/4 2204/6/4
f 2204/6/4 2199/6/4 2205/6/4
f 2206/6/4 2207/6/4 2208/6/4
f 2208/6/4 2207/6/4 2209/6/4
f 2209/6/4 2207/6/4 2210/6/4
f 2210/6/4 2211/6/4 2212/6/4
f 2209/6/4 2210/6/4 2212/6/4
f 2212/6/4 2211/6/4 2213/6/4
f 2213/6/4 2211/6/4 2215/6/4
f 2214/6/4 2215/6/4 2217/6/4
f 2215/6/4 2211/6/4 2218/6/4
f 2217/6/4 2215/6/4 2218/6/4
f 2218/6/4 2211/6/4 2219/6/4
f 2216/6/4 2217/6/4 2222/6/4
f 2217/6/4 2218/6/4 2222/6/4
f 2222/6/4 2218/6/4 2223/6/4
f 2223/6/4 2218/6/4 2224/6/4
f 2220/6/4 2221/6/4 2227/6/4
f 2227/6/4 2221/6/4 2228/6/4
f 2222/6/4 2223/6/4 2229/6/4
f 2229/6/4 2223/6/4 2230/6/4
f 2225/6/4 2226/6/4 2233/6/4
f 2233/6/4 2226/6/4 2234/6/4
f 2231/4/4 2232/4/4 2235/4/4
f 2235/4/4 2232/4/4 2236/4/4
f 2237/8/4 2238/8/4 2239/8/4
f 2239/8/4 2238/8/4 2240/8/4
f 2240/8/4 2238/8/4 2243/8/4
f 2243/8/4 2238/8/4 2244/8/4
f 2241/4/4 2242/4/4 2246/4/4
f 2246/4/4 2242/4/4 2247/4/4
f 2244/8/4 2245/8/4 2248/8/4
f 2248/8/4 2245/8/4 2249/8/4
f 2250/6/4 2251/6/4 2253/6/4
f 2251/7/4 2252/7/4 2253/7/4
f 2253/7/4 2252/7/4 2254/7/4
f 2250/6/4 2253/6/4 2255/6/4
f 2253/6/4 2254/6/4 2255/6/4
f 2255/6/4 2254/6/4 2256/6/4
f 2256/6/4 2254/6/4 2257/6/4
f 2256/6/4 2257/6/4 2259/6/4
f 2257/6/4 2258/6/4 2259/6/4
f 2256/6/4 2259/6/4 2261/6/4
f 2259/6/4 2260/6/4 2261/6/4
f 2261/6/4 2260/6/4 2262/6/4
f 2256/6/4 2261/6/4 2265/6/4
f 2265/6/4 2261/6/4 2266/6/4
f 2263/6/4 2264/6/4 2267/6/4
f 2267/6/4 2264/6/4 2268/6/4
f 2256/6/4 2265/6/4 2271/6/4
f 2271/6/4 2265/6/4 2272/6/4
f 2269/6/4 2270/6/4 2273/6/4
f 2273/6/4 2270/6/4 2274/6/4
f 2275/4/4 2276/4/4 2277/4/4
f 2277/4/4 2276/4/4 2278/4/4
f 2279/8/4 2280/8/4 2285/8/4
f 2285/8/4 2280/8/4 2286/8/4
f 2286/8/4 2280/8/4 2287/8/4
f 2281/6/4 2282/6/4 2289/6/4
f 2289/6/4 2282/6/4 2290/6/4
f 2283/6/4 2284/6/4 2291/6/4
f 2291/6/4 2284/6/4 2292/6/4
f 2287/8/4 2288/8/4 2293/8/4
f 2286/8/4 2287/8/4 2293/8/4
f 2293/8/4 2288/8/4 2294/8/4
f 2294/8/4 2288/8/4 2295/8/4
f 2281/6/4 2289/6/4 2297/6/4
f 2297/6/4 2289/6/4 2298/6/4
f 2292/6/4 2284/6/4 2299/6/4
f 2299/6/4 2284/6/4 2300/6/4
f 2295/8/4 2296/8/4 2303/8/4
f 2294/8/4 2295/8/4 2303/8/4
f 2303/8/4 2296/8/4 2304/8/4
f 2301/6/4 2302/6/4 2309/6/4
f 2309/6/4 2302/6/4 2310/6/4
f 2303/6/4 2304/6/4 2311/6/4
f 2311/6/4 2304/6/4 2312/6/4
f 2305/6/4 2306/6/4 2313/6/4
f 2313/6/4 2306/6/4 2314/6/4
f 2307/6/4 2308/6/4 2315/6/4
f 2315/6/4 2308/6/4 2316/6/4
f 2312/6/4 2304/6/4 2318/6/4
f 2318/6/4 2304/6/4 2319/6/4
f 2317/6/4 2318/6/4 2320/6/4
f 2320/6/4 2318/6/4 2321/6/4
f 2324/6/4 2325/6/4 2326/6/4
f 2326/6/4 2325/6/4 2327/6/4
f 2322/6/4 2323/6/4 2329/6/4
f 2328/6/4 2329/6/4 2332/6/4
f 2329/6/4 2323/6/4 2333/6/4
f 2332/6/4 2329/6/4 2333/6/4
f 2330/6/4 2331/6/4 2336/6/4
f 2336/6/4 2331/6/4 2337/6/4
f 2334/6/4 2335/6/4 2338/6/4
f 2338/6/4 2335/6/4 2339/6/4
f 2334/6/4 2338/6/4 2340/6/4
f 2340/6/4 2338/6/4 2341/6/4
f 2342/8/4 2343/8/4 2346/8/4
f 2344/6/4 2345/6/4 2349/6/4
f 2349/6/4 2345/6/4 2350/6/4
f 2342/8/4 2346/8/4 2352/8/4
f 2352/8/4 2346/8/4 2353/8/4
f 2347/6/4 2348/6/4 2357/6/4
f 2350/6/4 2351/6/4 2358/6/4
f 2358/6/4 2351/6/4 2359/6/4
f 2354/8/4 2355/8/4 2360/8/4
f 2360/8/4 2355/8/4 2361/8/4
f 2356/6/4 2357/6/4 2362/6/4
f 2357/6/4 2348/6/4 2363/6/4
f 2362/6/4 2357/6/4 2363/6/4
f 2364/6/4 2365/6/4 2366/6/4
f 2366/6/4 2365/6/4 2367/6/4
f 2367/7/4 2368/7/4 2369/7/4
f 2369/7/4 2368/7/4 2370/7/4
f 2371/6/4 2372/6/4 2375/6/4
f 2375/6/4 2372/6/4 2376/6/4
f 2373/6/4 2374/6/4 2379/6/4
f 2379/6/4 2374/6/4 2380/6/4
f 2381/6/4 2382/6/4 2383/6/4
f 2383/6/4 2382/6/4 2384/6/4
f 2377/6/4 2378/6/4 2386/6/4
f 2386/6/4 2378/6/4 2387/6/4
f 2385/6/4 2386/6/4 2388/6/4
f 2385/6/4 2388/6/4 2390/6/4
f 2388/6/4 2389/6/4 2390/6/4
f 2390/6/4 2389/6/4 2391/6/4
f 2392/6/4 2393/6/4 2396/6/4
f 2396/6/4 2393/6/4 2397/6/4
f 2394/8/4 2395/8/4 2399/8/4
f 2392/6/4 2396/6/4 2400/6/4
f 2400/6/4 2396/6/4 2401/6/4
f 2398/8/4 2399/8/4 2402/8/4
f 2399/8/4 2395/8/4 2403/8/4
f 2402/8/4 2399/8/4 2403/8/4
f 2403/8/4 2395/8/4 2404/8/4
f 2403/6/4 2404/6/4 2406/6/4
f 2406/6/4 2404/6/4 2407/6/4
f 2407/6/4 2404/6/4 2408/6/4
f 2404/8/4 2405/8/4 2409/8/4
f 2408/6/4 2404/6/4 2409/6/4
f 2409/8/4 2405/8/4 2410/8/4
f 2410/6/4 2411/6/4 2412/6/4
f 2414/6/4 2415/6/4 2416/6/4
f 2416/6/4 2415/6/4 2417/6/4
f 2410/6/4 2412/6/4 2418/6/4
f 2412/7/4 2413/7/4 2419/7/4
f 2418/6/4 2412/6/4 2419/6/4
f 2419/7/4 2413/7/4 2420/7/4
f 2421/6/4 2422/6/4 2423/6/4
f 2423/6/4 2422/6/4 2424/6/4
f 2425/6/4 2426/6/4 2429/6/4
f 2429/6/4 2426/6/4 2430/6/4
f 2427/6/4 2428/6/4 2431/6/4
f 2431/6/4 2428/6/4 2432/6/4
f 2432/6/4 2433/6/4 2434/6/4
f 2434/6/4 2433/6/4 2435/6/4
f 2436/6/4 2437/6/4 2438/6/4
f 2438/6/4 2437/6/4 2439/6/4
f 2440/6/4 2441/6/4 2443/6/4
f 2441/7/4 2442/7/4 2444/7/4
f 2443/6/4 2441/6/4 2444/6/4
f 2444/7/4 2442/7/4 2445/7/4
f 2446/6/4 2447/6/4 2449/6/4
f 2449/6/4 2447/6/4 2450/6/4
f 2448/8/4 2449/8/4 2453/8/4
f 2453/8/4 2449/8/4 2454/8/4
f 2451/6/4 2452/6/4 2455/6/4
f 2455/6/4 2452/6/4 2456/6/4
f 2457/6/4 2458/6/4 2459/6/4
f 2456/6/4 2457/6/4 2459/6/4
f 2459/6/4 2458/6/4 2460/6/4
f 2461/6/4 2462/6/4 2465/6/4
f 2465/6/4 2462/6/4 2466/6/4
f 2463/6/4 2464/6/4 2469/6/4
f 2469/6/4 2464/6/4 2470/6/4
f 2467/6/4 2468/6/4 2471/6/4
f 2471/6/4 2468/6/4 2472/6/4
f 2472/6/4 2473/6/4 2474/6/4
f 2474/6/4 2473/6/4 2475/6/4
f 2476/6/4 2477/6/4 2479/6/4
f 2479/6/4 2477/6/4 2480/6/4
f 2478/6/4 2479/6/4 2483/6/4
f 2483/6/4 2479/6/4 2484/6/4
f 2484/6/4 2479/6/4 2485/6/4
f 2481/6/4 2482/6/4 2486/6/4
f 2486/6/4 2482/6/4 2487/6/4
f 2488/6/4 2489/6/4 2491/6/4
f 2489/8/4 2490/8/4 2492/8/4
f 2491/6/4 2489/6/4 2492/6/4
f 2492/8/4 2490/8/4 2493/8/4
f 2494/8/4 2495/8/4 2498/8/4
f 2498/8/4 2495/8/4 2499/8/4
f 2496/8/4 2497/8/4 2500/8/4
f 2500/8/4 2497/8/4 2501/8/4
f 2502/6/4 2503/6/4 2507/6/4
f 2507/6/4 2503/6/4 2508/6/4
f 2504/8/4 2505/8/4 2509/8/4
f 2505/6/4 2506/6/4 2510/6/4
f 2509/8/4 2505/8/4 2510/8/4
f 2510/6/4 2506/6/4 2511/6/4
f 2512/8/4 2513/8/4 2514/8/4
f 2514/8/4 2513/8/4 2515/8/4
f 2515/8/4 2516/8/4 2519/8/4
f 2519/8/4 2516/8/4 2520/8/4
f 2517/8/4 2518/8/4 2521/8/4
f 2521/8/4 2518/8/4 2522/8/4
f 2523/6/4 2524/6/4 2525/6/4
f 2525/6/4 2524/6/4 2526/6/4
f 2527/6/4 2528/6/4 2529/6/4
f 2529/6/4 2528/6/4 2530/6/4
f 2532/6/4 2533/6/4 2534/6/4
f 2534/6/4 2533/6/4 2535/6/4
f 2530/6/4 2531/6/4 2536/6/4
f 2536/6/4 2531/6/4 2537/6/4
f 2538/6/4 2539/6/4 2542/6/4
f 2542/6/4 2539/6/4 2543/6/4
f 2540/8/4 2541/8/4 2544/8/4
f 2540/8/4 2544/8/4 2546/8/4
f 2544/7/4 2545/7/4 2547/7/4
f 2546/8/4 2544/8/4 2547/8/4
f 2547/7/4 2545/7/4 2548/7/4
f 2546/8/4 2547/8/4 2549/8/4
f 2549/8/4 2547/8/4 2550/8/4
f 2551/6/4 2552/6/4 2554/6/4
f 2554/6/4 2552/6/4 2555/6/4
f 2553/6/4 2554/6/4 2557/6/4
f 2557/6/4 2554/6/4 2558/6/4
f 2555/6/4 2556/6/4 2559/6/4
f 2559/6/4 2556/6/4 2560/6/4
f 2561/6/4 2562/6/4 2563/6/4
f 2563/6/4 2562/6/4 2564/6/4
f 2565/6/4 2566/6/4 2567/6/4
f 2567/6/4 2566/6/4 2568/6/4
f 2569/6/4 2570/6/4 2573/6/4
f 2573/6/4 2570/6/4 2574/6/4
f 2571/8/4 2572/8/4 2576/8/4
f 2575/8/4 2576/8/4 2577/8/4
f 2576/8/4 2572/8/4 2578/8/4
f 2577/8/4 2576/8/4 2578/8/4
f 2579/6/4 2580/6/4 2581/6/4
f 2581/6/4 2580/6/4 2582/6/4
f 2583/6/4 2584/6/4 2585/6/4
f 2585/6/4 2584/6/4 2586/6/4
f 2587/6/4 2588/6/4 2590/6/4
f 2590/6/4 2588/6/4 2591/6/4
f 2589/8/4 2590/8/4 2593/8/4
f 2592/8/4 2593/8/4 2594/8/4
f 2593/8/4 2590/8/4 2595/8/4
f 2594/8/4 2593/8/4 2595/8/4
f 2595/8/4 2590/8/4 2596/8/4
f 2596/8/4 2590/8/4 2597/8/4
f 2598/9/4 2599/9/4 2600/9/4
f 2600/9/4 2599/9/4 2601/9/4
f 2601/6/4 2602/6/4 2603/6/4
f 2603/6/4 2602/6/4 2604/6/4
f 2605/6/4 2606/6/4 2607/6/4
f 2607/6/4 2606/6/4 2608/6/4
f 2609/6/4 2610/6/4 2611/6/4
f 2611/6/4 2610/6/4 2612/6/4
f 2613/6/4 2614/6/4 2615/6/4
f 2615/6/4 2614/6/4 2616/6/4
f 2616/6/4 2617/6/4 2618/6/4
f 2618/6/4 2617/6/4 2619/6/4
f 2620/6/4 2621/6/4 2622/6/4
f 2622/6/4 2621/6/4 2623/6/4
f 2622/9/4 2623/9/4 2625/9/4
f 2625/9/4 2623/9/4 2626/9/4
f 2627/6/4 2628/6/4 2629/6/4
f 2629/6/4 2628/6/4 2630/6/4
f 2630/6/4 2628/6/4 2631/6/4
f 2631/6/4 2632/6/4 2633/6/4
f 2630/6/4 2631/6/4 2633/6/4
f 2633/6/4 2632/6/4 2634/6/4
f 2624/6/4 2625/6/4 2635/6/4
f 2635/6/4 2625/6/4 2636/6/4
f 2630/6/4 2633/6/4 2637/6/4
f 2630/6/4 2637/6/4 2641/6/4
f 2641/6/4 2637/6/4 2642/6/4
f 2638/6/4 2639/6/4 2643/6/4
f 2639/8/4 2640/8/4 2644/8/4
f 2643/6/4 2639/6/4 2644/6/4
f 2644/8/4 2640/8/4 2645/8/4
f 2643/8/4 2644/8/4 2646/8/4
f 2646/8/4 2644/8/4 2647/8/4
f 2648/9/4 2649/9/4 2650/9/4
f 2650/9/4 2649/9/4 2651/9/4
f 2651/6/4 2652/6/4 2653/6/4
f 2653/6/4 2652/6/4 2654/6/4
f 2654/6/4 2655/6/4 2656/6/4
f 2656/6/4 2655/6/4 2657/6/4
f 2658/6/4 2659/6/4 2662/6/4
f 2662/6/4 2659/6/4 2663/6/4
f 2660/6/4 2661/6/4 2666/6/4
f 2666/6/4 2661/6/4 2667/6/4
f 2664/9/4 2665/9/4 2668/9/4
f 2668/9/4 2665/9/4 2669/9/4
f 2670/6/4 2671/6/4 2674/6/4
f 2674/6/4 2671/6/4 2675/6/4
f 2672/6/4 2673/6/4 2676/6/4
f 2676/6/4 2673/6/4 2677/6/4
f 2678/9/4 2679/9/4 2680/9/4
f 2680/9/4 2679/9/4 2681/9/4
f 2682/6/4 2683/6/4 2686/6/4
f 2686/6/4 2683/6/4 2687/6/4
f 2684/9/4 2685/9/4 2688/9/4
f 2685/6/4 2686/6/4 2689/6/4
f 2688/9/4 2685/9/4 2689/9/4
f 2689/6/4 2686/6/4 2690/6/4
f 2691/6/4 2692/6/4 2695/6/4
f 2695/6/4 2692/6/4 2696/6/4
f 2693/6/4 2694/6/4 2697/6/4
f 2697/6/4 2694/6/4 2698/6/4
f 2695/9/4 2696/9/4 2699/9/4
f 2699/9/4 2696/9/4 2700/9/4
f 2700/9/4 2701/9/4 2702/9/4
f 2702/9/4 2701/9/4 2703/9/4
f 2703/6/4 2704/6/4 2705/6/4
f 2705/6/4 2704/6/4 2706/6/4
f 2707/6/4 2708/6/4 2709/6/4
f 2709/6/4 2708/6/4 2710/6/4
f 2709/9/4 2710/9/4 2711/9/4
f 2711/9/4 2710/9/4 2712/9/4
f 2713/6/4 2714/6/4 2716/6/4
f 2714/6/4 2715/6/4 2716/6/4
f 2716/6/4 2715/6/4 2717/6/4
f 2718/9/4 2719/9/4 2720/9/4
f 2720/9/4 2719/9/4 2721/9/4
f 2722/9/4 2723/9/4 2724/9/4
f 2724/9/4 2723/9/4 2725/9/4
f 2726/6/4 2727/6/4 2728/6/4
f 2728/6/4 2727/6/4 2729/6/4
f 2730/9/4 2731/9/4 2732/9/4
f 2732/9/4 2731/9/4 2733/9/4
f 2734/9/4 2735/9/4 2737/9/4
f 2737/9/4 2735/9/4 2738/9/4
f 2735/6/4 2736/6/4 2739/6/4
f 2738/9/4 2735/9/4 2739/9/4
f 2739/6/4 2736/6/4 2740/6/4
f 2741/6/4 2742/6/4 2743/6/4
f 2743/6/4 2742/6/4 2744/6/4
f 2745/9/4 2746/9/4 2748/9/4
f 2746/6/4 2747/6/4 2749/6/4
f 2748/9/4 2746/9/4 2749/9/4
f 2749/6/4 2747/6/4 2750/6/4
f 2750/6/4 2747/6/4 2751/6/4
f 2752/6/4 2753/6/4 2754/6/4
f 2754/6/4 2753/6/4 2755/6/4
f 2760/4/5 2757/4/5 2756/4/5
f 2761/4/5 2757/4/5 2760/4/5
f 2762/4/5 2757/4/5 2761/4/5
f 2763/4/5 2757/4/5 2762/4/5
f 2764/4/5 2759/4/5 2758/4/5
f 2765/4/5 2759/4/5 2764/4/5
f 2766/4/5 2759/4/5 2765/4/5
f 2767/4/5 2759/4/5 2766/4/5
f 2768/4/5 2762/4/5 2761/4/5
f 2769/4/5 2762/4/5 2768/4/5
f 2770/4/5 2766/4/5 2765/4/5
f 2771/4/5 2766/4/5 2770/4/5
f 2776/4/5 2773/4/5 2772/4/5
f 2777/4/5 2773/4/5 2776/4/5
f 2778/4/5 2775/4/5 2774/4/5
f 2779/4/5 2775/4/5 2778/4/5
f 2784/4/5 2781/4/5 2780/4/5
f 2785/4/5 2781/4/5 2784/4/5
f 2786/4/5 2783/4/5 2782/4/5
f 2787/4/5 2783/4/5 2786/4/5
f 2792/6/5 2789/6/5 2788/6/5
f 2793/6/5 2789/6/5 2792/6/5
f 2794/6/5 2791/6/5 2790/6/5
f 2795/6/5 2791/6/5 2794/6/5
f 2796/6/5 2792/6/5 2788/6/5
f 2797/6/5 2789/6/5 2793/6/5
f 2798/6/5 2794/6/5 2790/6/5
f 2799/6/5 2791/6/5 2795/6/5
f 2800/6/5 2796/6/5 2788/6/5
f 2800/6/5 2797/6/5 2796/6/5
f 2801/6/5 2789/6/5 2797/6/5
f 2801/6/5 2797/6/5 2800/6/5
f 2802/6/5 2799/6/5 2798/6/5
f 2802/6/5 2798/6/5 2790/6/5
f 2803/6/5 2791/6/5 2799/6/5
f 2803/6/5 2799/6/5 2802/6/5
f 2804/6/5 2789/6/5 2801/6/5
f 2805/6/5 2789/6/5 2804/6/5
f 2808/6/5 2807/6/5 2806/6/5
f 2809/6/5 2807/6/5 2808/6/5
f 2814/6/5 2811/6/5 2810/6/5
f 2815/6/5 2811/6/5 2814/6/5
f 2816/6/5 2813/6/5 2812/6/5
f 2817/6/5 2813/6/5 2816/6/5
f 2824/6/5 2819/6/5 2818/6/5
f 2825/6/5 2819/6/5 2824/6/5
f 2826/6/5 2821/6/5 2820/6/5
f 2828/6/5 2823/6/5 2822/6/5
f 2831/6/5 2827/6/5 2826/6/5
f 2831/6/5 2826/6/5 2820/6/5
f 2832/6/5 2827/6/5 2831/6/5
f 2834/6/5 2830/6/5 2829/6/5
f 2834/6/5 2829/6/5 2828/6/5
f 2834/6/5 2828/6/5 2822/6/5
f 2835/6/5 2830/6/5 2834/6/5
f 2837/6/5 2833/6/5 2832/6/5
f 2838/6/5 2833/6/5 2837/6/5
f 2839/6/5 2830/6/5 2835/6/5
f 2840/6/5 2837/6/5 2836/6/5
f 2841/6/5 2839/6/5 2835/6/5
f 2841/6/5 2840/6/5 2839/6/5
f 2842/6/5 2840/6/5 2841/6/5
f 2843/6/5 2837/6/5 2840/6/5
f 2843/6/5 2840/6/5 2842/6/5
f 2844/6/5 2837/6/5 2843/6/5
f 2845/6/5 2843/6/5 2842/6/5
f 2846/6/5 2843/6/5 2845/6/5
f 2847/6/5 2845/6/5 2842/6/5
f 2848/6/5 2845/6/5 2847/6/5
f 2849/6/5 2847/6/5 2842/6/5
f 2850/6/5 2847/6/5 2849/6/5
f 2854/6/5 2852/6/5 2851/6/5
f 2855/9/5 2853/9/5 2852/9/5
f 2855/6/5 2852/6/5 2854/6/5
f 2856/9/5 2853/9/5 2855/9/5
f 2857/9/5 2853/9/5 2856/9/5
f 2858/6/5 2856/6/5 2855/6/5
f 2859/6/5 2856/6/5 2858/6/5
f 2863/9/5 2860/9/5 2859/9/5
f 2864/9/5 2862/9/5 2861/9/5
f 2865/9/5 2863/9/5 2859/9/5
f 2865/9/5 2864/9/5 2863/9/5
f 2866/9/5 2864/9/5 2865/9/5
f 2867/9/5 2864/9/5 2866/9/5
f 2868/9/5 2862/9/5 2864/9/5
f 2868/9/5 2864/9/5 2867/9/5
f 2869/9/5 2862/9/5 2868/9/5
f 2870/9/5 2862/9/5 2869/9/5
f 2871/9/5 2869/9/5 2868/9/5
f 2872/6/5 2870/6/5 2869/6/5
f 2872/9/5 2869/9/5 2871/9/5
f 2873/6/5 2870/6/5 2872/6/5
f 2874/6/5 2870/6/5 2873/6/5
f 2878/6/5 2876/6/5 2875/6/5
f 2879/6/5 2876/6/5 2878/6/5
f 2881/6/5 2878/6/5 2877/6/5
f 2881/6/5 2880/6/5 2879/6/5
f 2881/6/5 2879/6/5 2878/6/5
f 2882/6/5 2880/6/5 2881/6/5
f 2883/6/5 2880/6/5 2882/6/5
f 2884/6/5 2880/6/5 2883/6/5
f 2886/6/5 2883/6/5 2882/6/5
f 2887/6/5 2886/6/5 2885/6/5
f 2888/6/5 2883/6/5 2886/6/5
f 2888/6/5 2886/6/5 2887/6/5
f 2889/6/5 2883/6/5 2888/6/5
f 2895/6/5 2889/6/5 2888/6/5
f 2895/6/5 2890/6/5 2889/6/5
f 2896/6/5 2890/6/5 2895/6/5
f 2897/6/5 2892/6/5 2891/6/5
f 2898/6/5 2892/6/5 2897/6/5
f 2899/6/5 2895/6/5 2888/6/5
f 2900/6/5 2895/6/5 2899/6/5
f 2901/6/5 2897/6/5 2896/6/5
f 2902/6/5 2897/6/5 2901/6/5
f 2903/6/5 2894/6/5 2893/6/5
f 2907/6/5 2903/6/5 2893/6/5
f 2907/6/5 2904/6/5 2903/6/5
f 2908/6/5 2904/6/5 2907/6/5
f 2909/6/5 2906/6/5 2905/6/5
f 2910/6/5 2906/6/5 2909/6/5
f 2911/9/5 2908/9/5 2907/9/5
f 2912/6/5 2904/6/5 2908/6/5
f 2912/9/5 2908/9/5 2911/9/5
f 2915/6/5 2912/6/5 2911/6/5
f 2915/6/5 2904/6/5 2912/6/5
f 2916/6/5 2904/6/5 2915/6/5
f 2918/6/5 2914/6/5 2913/6/5
f 2919/6/5 2914/6/5 2918/6/5
f 2920/6/5 2915/6/5 2911/6/5
f 2921/9/5 2916/9/5 2915/9/5
f 2921/6/5 2915/6/5 2920/6/5
f 2922/9/5 2916/9/5 2921/9/5
f 2923/6/5 2918/6/5 2917/6/5
f 2924/6/5 2923/6/5 2922/6/5
f 2925/6/5 2923/6/5 2924/6/5
f 2929/6/5 2923/6/5 2925/6/5
f 2930/6/5 2918/6/5 2923/6/5
f 2930/6/5 2923/6/5 2929/6/5
f 2931/6/5 2927/6/5 2926/6/5
f 2932/9/5 2929/9/5 2928/9/5
f 2932/9/5 2930/9/5 2929/9/5
f 2933/9/5 2930/9/5 2932/9/5
f 2934/9/5 2930/9/5 2933/9/5
f 2935/9/5 2930/9/5 2934/9/5
f 2936/6/5 2931/6/5 2926/6/5
f 2937/9/5 2932/9/5 2931/9/5
f 2937/6/5 2931/6/5 2936/6/5
f 2938/9/5 2932/9/5 2937/9/5
f 2939/9/5 2934/9/5 2933/9/5
f 2940/9/5 2934/9/5 2939/9/5
f 2941/9/5 2930/9/5 2935/9/5
f 2942/9/5 2930/9/5 2941/9/5
f 2948/6/5 2944/6/5 2943/6/5
f 2949/6/5 2944/6/5 2948/6/5
f 2950/6/5 2946/6/5 2945/6/5
f 2951/7/5 2947/7/5 2946/7/5
f 2951/6/5 2946/6/5 2950/6/5
f 2952/7/5 2947/7/5 2951/7/5
f 2956/6/5 2954/6/5 2953/6/5
f 2957/6/5 2954/6/5 2956/6/5
f 2958/6/5 2956/6/5 2955/6/5
f 2959/6/5 2956/6/5 2958/6/5
f 2962/6/5 2961/6/5 2960/6/5
f 2963/6/5 2961/6/5 2962/6/5
f 2969/6/5 2965/6/5 2964/6/5
f 2970/6/5 2965/6/5 2969/6/5
f 2971/9/5 2970/9/5 2969/9/5
f 2972/9/5 2970/9/5 2971/9/5
f 2973/6/5 2967/6/5 2966/6/5
f 2974/9/5 2968/9/5 2967/9/5
f 2974/6/5 2967/6/5 2973/6/5
f 2975/9/5 2968/9/5 2974/9/5
f 2979/7/5 2977/7/5 2976/7/5
f 2980/7/5 2977/7/5 2979/7/5
f 2981/6/5 2979/6/5 2978/6/5
f 2981/6/5 2980/6/5 2979/6/5
f 2982/6/5 2980/6/5 2981/6/5
f 2983/6/5 2980/6/5 2982/6/5
f 2984/6/5 2981/6/5 2978/6/5
f 2985/6/5 2981/6/5 2984/6/5
f 2990/9/5 2987/9/5 2986/9/5
f 2991/9/5 2987/9/5 2990/9/5
f 2992/8/5 2989/8/5 2988/8/5
f 2993/8/5 2989/8/5 2992/8/5
f 2997/7/5 2995/7/5 2994/7/5
f 2998/7/5 2995/7/5 2997/7/5
f 2999/7/5 2995/7/5 2998/7/5
f 3000/6/5 2997/6/5 2996/6/5
f 3000/6/5 2998/6/5 2997/6/5
f 3001/6/5 2998/6/5 3000/6/5
f 3006/6/5 3003/6/5 3002/6/5
f 3007/6/5 3003/6/5 3006/6/5
f 3009/6/5 3005/6/5 3004/6/5
f 3010/6/5 3005/6/5 3009/6/5
f 3011/6/5 3008/6/5 3007/6/5
f 3012/6/5 3008/6/5 3011/6/5
f 3017/6/5 3014/6/5 3013/6/5
f 3018/6/5 3014/6/5 3017/6/5
f 3019/6/5 3016/6/5 3015/6/5
f 3020/6/5 3016/6/5 3019/6/5
f 3023/7/5 3022/7/5 3021/7/5
f 3024/7/5 3022/7/5 3023/7/5
f 3027/6/5 3026/6/5 3025/6/5
f 3028/6/5 3026/6/5 3027/6/5
f 3033/6/5 3030/6/5 3029/6/5
f 3034/6/5 3030/6/5 3033/6/5
f 3037/6/5 3036/6/5 3035/6/5
f 3038/6/5 3036/6/5 3037/6/5
f 3041/6/5 3040/6/5 3039/6/5
f 3042/6/5 3040/6/5 3041/6/5
f 3044/8/5 3032/8/5 3031/8/5
f 3046/8/5 3044/8/5 3043/8/5
f 3047/8/5 3032/8/5 3044/8/5
f 3047/8/5 3044/8/5 3046/8/5
f 3048/8/5 3032/8/5 3047/8/5
f 3049/8/5 3046/8/5 3045/8/5
f 3049/8/5 3047/8/5 3046/8/5
f 3050/8/5 3047/8/5 3049/8/5
f 3051/8/5 3047/8/5 3050/8/5
f 3052/8/5 3050/8/5 3049/8/5
f 3053/8/5 3050/8/5 3052/8/5
f 3056/6/5 3055/6/5 3054/6/5
f 3057/6/5 3055/6/5 3056/6/5
f 3064/8/5 3059/8/5 3058/8/5
f 3065/8/5 3059/8/5 3064/8/5
f 3066/8/5 3059/8/5 3065/8/5
f 3068/7/5 3061/7/5 3060/7/5
f 3069/7/5 3061/7/5 3068/7/5
f 3070/6/5 3063/6/5 3062/6/5
f 3071/8/5 3064/8/5 3063/8/5
f 3071/6/5 3063/6/5 3070/6/5
f 3072/6/5 3065/6/5 3064/6/5
f 3072/8/5 3064/8/5 3071/8/5
f 3073/6/5 3065/6/5 3072/6/5
f 3074/8/5 3067/8/5 3066/8/5
f 3074/6/5 3065/6/5 3073/6/5
f 3074/8/5 3066/8/5 3065/8/5
f 3075/8/5 3067/8/5 3074/8/5
f 3078/8/5 3077/8/5 3076/8/5
f 3079/8/5 3077/8/5 3078/8/5
f 3083/8/5 3081/8/5 3080/8/5
f 3084/8/5 3081/8/5 3083/8/5
f 3087/6/5 3086/6/5 3085/6/5
f 3088/6/5 3086/6/5 3087/6/5
f 3089/8/5 3083/8/5 3082/8/5
f 3090/8/5 3083/8/5 3089/8/5
f 3094/8/5 3092/8/5 3091/8/5
f 3095/8/5 3092/8/5 3094/8/5
f 3096/8/5 3092/8/5 3095/8/5
f 3099/8/5 3094/8/5 3093/8/5
f 3099/8/5 3095/8/5 3094/8/5
f 3100/8/5 3095/8/5 3099/8/5
f 3101/8/5 3095/8/5 3100/8/5
f 3102/8/5 3095/8/5 3101/8/5
f 3104/7/5 3098/7/5 3097/7/5
f 3105/7/5 3098/7/5 3104/7/5
f 3106/7/5 3104/7/5 3103/7/5
f 3106/8/5 3105/8/5 3104/8/5
f 3107/8/5 3105/8/5 3106/8/5
f 3108/7/5 3106/7/5 3103/7/5
f 3109/7/5 3106/7/5 3108/7/5
f 3112/8/5 3111/8/5 3110/8/5
f 3113/8/5 3111/8/5 3112/8/5
f 3118/6/5 3115/6/5 3114/6/5
f 3119/6/5 3115/6/5 3118/6/5
f 3120/8/5 3117/8/5 3116/8/5
f 3122/8/5 3120/8/5 3116/8/5
f 3122/8/5 3121/8/5 3120/8/5
f 3123/8/5 3121/8/5 3122/8/5
f 3124/8/5 3121/8/5 3123/8/5
f 3125/8/5 3121/8/5 3124/8/5
f 3128/6/5 3127/6/5 3126/6/5
f 3129/6/5 3127/6/5 3128/6/5
f 3134/7/5 3131/7/5 3130/7/5
f 3135/8/5 3132/8/5 3131/8/5
f 3135/7/5 3131/7/5 3134/7/5
f 3136/8/5 3132/8/5 3135/8/5
f 3138/7/5 3134/7/5 3133/7/5
f 3139/8/5 3135/8/5 3134/8/5
f 3139/7/5 3134/7/5 3138/7/5
f 3140/8/5 3135/8/5 3139/8/5
f 3141/7/5 3138/7/5 3137/7/5
f 3142/7/5 3138/7/5 3141/7/5
f 3145/8/5 3144/8/5 3143/8/5
f 3146/8/5 3144/8/5 3145/8/5
f 3149/8/5 3148/8/5 3147/8/5
f 3150/8/5 3148/8/5 3149/8/5
f 3153/8/5 3152/8/5 3151/8/5
f 3154/8/5 3152/8/5 3153/8/5
f 3158/7/5 3156/7/5 3155/7/5
f 3159/8/5 3157/8/5 3156/8/5
f 3159/7/5 3156/7/5 3158/7/5
f 3160/8/5 3157/8/5 3159/8/5
f 3163/7/5 3162/7/5 3161/7/5
f 3164/7/5 3162/7/5 3163/7/5
f 3169/8/5 3166/8/5 3165/8/5
f 3170/8/5 3166/8/5 3169/8/5
f 3173/8/5 3172/8/5 3171/8/5
f 3174/8/5 3172/8/5 3173/8/5
f 3175/6/5 3168/6/5 3167/6/5
f 3176/6/5 3168/6/5 3175/6/5
f 3179/8/5 3178/8/5 3177/8/5
f 3180/8/5 3178/8/5 3179/8/5
f 3183/6/5 3182/6/5 3181/6/5
f 3184/6/5 3182/6/5 3183/6/5
f 3187/7/5 3186/7/5 3185/7/5
f 3188/7/5 3186/7/5 3187/7/5
f 3192/7/5 3190/7/5 3189/7/5
f 3193/7/5 3190/7/5 3192/7/5
f 3194/7/5 3192/7/5 3191/7/5
f 3195/7/5 3192/7/5 3194/7/5
f 3198/8/5 3197/8/5 3196/8/5
f 3199/8/5 3197/8/5 3198/8/5
f 3202/6/5 3201/6/5 3200/6/5
f 3203/6/5 3201/6/5 3202/6/5
f 3207/7/5 3205/7/5 3204/7/5
f 3208/7/5 3205/7/5 3207/7/5
f 3210/7/5 3207/7/5 3206/7/5
f 3211/7/5 3207/7/5 3210/7/5
f 3212/7/5 3210/7/5 3209/7/5
f 3213/7/5 3212/7/5 3209/7/5
f 3214/7/5 3212/7/5 3213/7/5
f 3217/8/5 3216/8/5 3215/8/5
f 3218/8/5 3216/8/5 3217/8/5
f 3221/6/5 3220/6/5 3219/6/5
f 3222/6/5 3220/6/5 3221/6/5
f 3225/6/5 3224/6/5 3223/6/5
f 3226/6/5 3224/6/5 3225/6/5
f 3229/7/5 3228/7/5 3227/7/5
f 3230/7/5 3228/7/5 3229/7/5
f 3233/6/5 3232/6/5 3231/6/5
f 3234/6/5 3232/6/5 3233/6/5
f 3237/6/5 3236/6/5 3235/6/5
f 3238/6/5 3236/6/5 3237/6/5
f 3241/7/5 3240/7/5 3239/7/5
f 3242/7/5 3240/7/5 3241/7/5
f 3247/5/5 3244/5/5 3243/5/5
f 3248/5/5 3244/5/5 3247/5/5
f 3249/5/5 3244/5/5 3248/5/5
f 3252/5/5 3246/5/5 3245/5/5
f 3253/5/5 3246/5/5 3252/5/5
f 3254/5/5 3249/5/5 3248/5/5
f 3254/5/5 3250/5/5 3249/5/5
f 3255/5/5 3250/5/5 3254/5/5
f 3256/5/5 3250/5/5 3255/5/5
f 3257/3/5 3251/3/5 3250/3/5
f 3257/5/5 3250/5/5 3256/5/5
f 3258/3/5 3251/3/5 3257/3/5
f 3260/5/5 3252/5/5 3245/5/5
f 3261/5/5 3252/5/5 3260/5/5
f 3262/1/5 3255/1/5 3254/1/5
f 3263/5/5 3256/5/5 3255/5/5
f 3263/1/5 3255/1/5 3262/1/5
f 3264/3/5 3259/3/5 3258/3/5
f 3264/5/5 3256/5/5 3263/5/5
f 3264/3/5 3257/3/5 3256/3/5
f 3264/3/5 3258/3/5 3257/3/5
f 3265/3/5 3259/3/5 3264/3/5
f 3266/3/5 3259/3/5 3265/3/5
f 3269/6/5 3266/6/5 3265/6/5
f 3270/6/5 3266/6/5 3269/6/5
f 3272/6/5 3268/6/5 3267/6/5
f 3273/6/5 3268/6/5 3272/6/5
f 3274/6/5 3271/6/5 3270/6/5
f 3275/6/5 3271/6/5 3274/6/5
f 3277/6/5 3276/6/5 3275/6/5
f 3278/6/5 3276/6/5 3277/6/5
f 3284/3/5 3280/3/5 3279/3/5
f 3285/3/5 3280/3/5 3284/3/5
f 3288/1/5 3282/1/5 3281/1/5
f 3289/1/5 3282/1/5 3288/1/5
f 3291/2/5 3286/2/5 3285/2/5
f 3291/3/5 3284/3/5 3283/3/5
f 3291/3/5 3285/3/5 3284/3/5
f 3292/2/5 3286/2/5 3291/2/5
f 3293/5/5 3290/5/5 3289/5/5
f 3293/5/5 3289/5/5 3288/5/5
f 3293/5/5 3288/5/5 3287/5/5
f 3294/5/5 3290/5/5 3293/5/5
f 3295/3/5 3292/3/5 3291/3/5
f 3295/3/5 3291/3/5 3283/3/5
f 3296/3/5 3292/3/5 3295/3/5
f 3298/5/5 3293/5/5 3287/5/5
f 3300/3/5 3296/3/5 3295/3/5
f 3301/3/5 3296/3/5 3300/3/5
f 3302/3/5 3296/3/5 3301/3/5
f 3303/5/5 3299/5/5 3298/5/5
f 3303/5/5 3298/5/5 3287/5/5
f 3304/5/5 3299/5/5 3303/5/5
f 3305/3/5 3296/3/5 3302/3/5
f 3306/5/5 3297/5/5 3296/5/5
f 3306/3/5 3296/3/5 3305/3/5
f 3307/5/5 3297/5/5 3306/5/5
f 3312/6/5 3309/6/5 3308/6/5
f 3313/6/5 3309/6/5 3312/6/5
f 3314/6/5 3311/6/5 3310/6/5
f 3315/6/5 3311/6/5 3314/6/5
f 3317/6/5 3316/6/5 3315/6/5
f 3318/6/5 3316/6/5 3317/6/5
f 3321/5/5 3320/5/5 3319/5/5
f 3322/5/5 3320/5/5 3321/5/5
f 3327/1/5 3324/1/5 3323/1/5
f 3328/1/5 3324/1/5 3327/1/5
f 3330/1/5 3326/1/5 3325/1/5
f 3331/1/5 3326/1/5 3330/1/5
f 3332/1/5 3326/1/5 3331/1/5
f 3333/6/5 3329/6/5 3328/6/5
f 3334/6/5 3329/6/5 3333/6/5
f 3335/6/5 3331/6/5 3330/6/5
f 3336/6/5 3331/6/5 3335/6/5
f 3338/6/5 3337/6/5 3336/6/5
f 3339/6/5 3337/6/5 3338/6/5
f 3342/5/5 3341/5/5 3340/5/5
f 3343/5/5 3341/5/5 3342/5/5
f 3344/4/6 3345/4/6 3348/4/6
f 3348/4/6 3345/4/6 3349/4/6
f 3349/4/6 3345/4/6 3350/4/6
f 3350/4/6 3345/4/6 3351/4/6
f 3346/4/6 3347/4/6 3352/4/6
f 3352/4/6 3347/4/6 3353/4/6
f 3353/4/6 3347/4/6 3354/4/6
f 3354/4/6 3347/4/6 3355/4/6
f 3356/4/6 3357/4/6 3360/4/6
f 3360/4/6 3357/4/6 3361/4/6
f 3358/4/6 3359/4/6 3362/4/6
f 3362/4/6 3359/4/6 3363/4/6
f 3364/4/6 3365/4/6 3368/4/6
f 3368/4/6 3365/4/6 3369/4/6
f 3366/4/6 3367/4/6 3370/4/6
f 3370/4/6 3367/4/6 3371/4/6
f 3372/6/6 3373/6/6 3374/6/6
f 3374/6/6 3373/6/6 3375/6/6
f 3376/6/6 3377/6/6 3379/6/6
f 3379/6/6 3377/6/6 3380/6/6
f 3378/6/6 3379/6/6 3381/6/6
f 3381/6/6 3379/6/6 3382/6/6
f 3385/6/6 3386/6/6 3388/6/6
f 3386/9/6 3387/9/6 3389/9/6
f 3388/6/6 3386/6/6 3389/6/6
f 3389/9/6 3387/9/6 3390/9/6
f 3383/9/6 3384/9/6 3391/9/6
f 3392/9/6 3393/9/6 3394/9/6
f 3394/9/6 3393/9/6 3395/9/6
f 3391/9/6 3384/9/6 3396/9/6
f 3396/9/6 3384/9/6 3397/9/6
f 3398/6/6 3399/6/6 3400/6/6
f 3400/6/6 3399/6/6 3401/6/6
f 3401/6/6 3399/6/6 3402/6/6
f 3403/7/6 3404/7/6 3405/7/6
f 3405/7/6 3404/7/6 3406/7/6
f 3407/6/6 3408/6/6 3413/6/6
f 3413/6/6 3408/6/6 3414/6/6
f 3409/6/6 3410/6/6 3415/6/6
f 3415/6/6 3410/6/6 3416/6/6
f 3411/6/6 3412/6/6 3417/6/6
f 3417/6/6 3412/6/6 3418/6/6
f 3419/6/6 3420/6/6 3421/6/6
f 3421/6/6 3420/6/6 3422/6/6
f 3423/6/6 3424/6/6 3425/6/6
f 3425/6/6 3424/6/6 3426/6/6
f 3427/9/6 3428/9/6 3430/9/6
f 3430/9/6 3428/9/6 3433/9/6
f 3431/9/6 3432/9/6 3435/9/6
f 3435/9/6 3432/9/6 3436/9/6
f 3429/6/6 3430/6/6 3437/6/6
f 3433/9/6 3434/9/6 3438/9/6
f 3437/6/6 3430/6/6 3438/6/6
f 3430/9/6 3433/9/6 3438/9/6
f 3438/9/6 3434/9/6 3439/9/6
f 3438/6/6 3439/6/6 3440/6/6
f 3439/9/6 3434/9/6 3441/9/6
f 3440/6/6 3439/6/6 3441/6/6
f 3441/9/6 3434/9/6 3442/9/6
f 3442/9/6 3443/9/6 3446/9/6
f 3446/9/6 3443/9/6 3447/9/6
f 3444/6/6 3445/6/6 3449/6/6
f 3448/6/6 3449/6/6 3450/6/6
f 3450/6/6 3449/6/6 3451/6/6
f 3449/6/6 3445/6/6 3452/6/6
f 3451/6/6 3449/6/6 3452/6/6
f 3452/6/6 3445/6/6 3453/6/6
f 3451/6/6 3452/6/6 3454/6/6
f 3454/6/6 3452/6/6 3455/6/6
f 3456/7/6 3457/7/6 3458/7/6
f 3458/7/6 3457/7/6 3459/7/6
f 3460/6/6 3461/6/6 3462/6/6
f 3462/6/6 3461/6/6 3463/6/6
f 3464/6/6 3465/6/6 3468/6/6
f 3468/6/6 3465/6/6 3469/6/6
f 3466/6/6 3467/6/6 3470/6/6
f 3470/6/6 3467/6/6 3471/6/6
f 3472/6/6 3473/6/6 3476/6/6
f 3476/6/6 3473/6/6 3477/6/6
f 3474/6/6 3475/6/6 3479/6/6
f 3479/6/6 3475/6/6 3480/6/6
f 3481/6/6 3482/6/6 3483/6/6
f 3483/6/6 3482/6/6 3484/6/6
f 3477/6/6 3478/6/6 3485/6/6
f 3485/6/6 3478/6/6 3486/6/6
f 3487/6/6 3488/6/6 3489/6/6
f 3489/6/6 3488/6/6 3490/6/6
f 3490/9/6 3491/9/6 3494/9/6
f 3494/9/6 3491/9/6 3495/9/6
f 3497/6/6 3498/6/6 3499/6/6
f 3499/6/6 3498/6/6 3500/6/6
f 3492/8/6 3493/8/6 3501/8/6
f 3501/8/6 3493/8/6 3502/8/6
f 3495/9/6 3496/9/6 3503/9/6
f 3503/9/6 3496/9/6 3504/9/6
f 3504/9/6 3505/9/6 3506/9/6
f 3506/9/6 3505/9/6 3507/9/6
f 3507/6/6 3508/6/6 3509/6/6
f 3507/6/6 3509/6/6 3510/6/6
f 3510/6/6 3509/6/6 3511/6/6
f 3512/7/6 3513/7/6 3514/7/6
f 3514/7/6 3513/7/6 3515/7/6
f 3515/6/6 3516/6/6 3517/6/6
f 3517/6/6 3516/6/6 3518/6/6
f 3519/6/6 3520/6/6 3523/6/6
f 3523/6/6 3520/6/6 3524/6/6
f 3521/7/6 3522/7/6 3525/7/6
f 3525/7/6 3522/7/6 3526/7/6
f 3527/6/6 3528/6/6 3529/6/6
f 3529/6/6 3528/6/6 3530/6/6
f 3531/6/6 3532/6/6 3535/6/6
f 3535/6/6 3532/6/6 3536/6/6
f 3533/6/6 3534/6/6 3537/6/6
f 3537/6/6 3534/6/6 3538/6/6
f 3539/6/6 3540/6/6 3543/6/6
f 3543/6/6 3540/6/6 3544/6/6
f 3541/8/6 3542/8/6 3547/8/6
f 3547/8/6 3542/8/6 3548/8/6
f 3545/6/6 3546/6/6 3549/6/6
f 3549/6/6 3546/6/6 3550/6/6
f 3550/6/6 3551/6/6 3554/6/6
f 3552/6/6 3553/6/6 3555/6/6
f 3555/6/6 3553/6/6 3556/6/6
f 3550/6/6 3554/6/6 3557/6/6
f 3554/6/6 3555/6/6 3557/6/6
f 3557/6/6 3555/6/6 3558/6/6
f 3558/6/6 3555/6/6 3559/6/6
f 3559/6/6 3555/6/6 3560/6/6
f 3561/6/6 3562/6/6 3563/6/6
f 3563/6/6 3562/6/6 3564/6/6
f 3565/6/6 3566/6/6 3567/6/6
f 3567/6/6 3566/6/6 3568/6/6
f 3569/6/6 3570/6/6 3573/6/6
f 3573/6/6 3570/6/6 3574/6/6
f 3571/6/6 3572/6/6 3575/6/6
f 3575/6/6 3572/6/6 3576/6/6
f 3577/6/6 3578/6/6 3579/6/6
f 3579/6/6 3578/6/6 3580/6/6
f 3581/6/6 3582/6/6 3583/6/6
f 3583/6/6 3582/6/6 3584/6/6
f 3584/6/6 3582/6/6 3585/6/6
f 3585/6/6 3582/6/6 3586/6/6
f 3584/6/6 3585/6/6 3587/6/6
f 3587/6/6 3585/6/6 3588/6/6
f 3589/8/6 3590/8/6 3591/8/6
f 3589/8/6 3591/8/6 3593/8/6
f 3591/8/6 3592/8/6 3593/8/6
f 3593/8/6 3592/8/6 3594/8/6
f 3594/8/6 3592/8/6 3595/8/6
f 3595/8/6 3592/8/6 3596/8/6
f 3597/8/6 3598/8/6 3599/8/6
f 3599/8/6 3598/8/6 3600/8/6
f 3601/6/6 3602/6/6 3605/6/6
f 3605/6/6 3602/6/6 3606/6/6
f 3603/8/6 3604/8/6 3607/8/6
f 3607/8/6 3608/8/6 3610/8/6
f 3603/8/6 3607/8/6 3610/8/6
f 3610/8/6 3608/8/6 3611/8/6
f 3612/6/6 3613/6/6 3614/6/6
f 3614/6/6 3613/6/6 3615/6/6
f 3609/6/6 3610/6/6 3616/6/6
f 3616/6/6 3610/6/6 3617/6/6
f 3618/8/6 3619/8/6 3620/8/6
f 3620/8/6 3619/8/6 3621/8/6
f 3621/6/6 3622/6/6 3625/6/6
f 3625/6/6 3622/6/6 3626/6/6
f 3626/6/6 3627/6/6 3628/6/6
f 3628/6/6 3627/6/6 3629/6/6
f 3628/8/6 3629/8/6 3630/8/6
f 3630/8/6 3629/8/6 3631/8/6
f 3623/6/6 3624/6/6 3633/6/6
f 3633/6/6 3624/6/6 3634/6/6
f 3631/8/6 3632/8/6 3635/8/6
f 3635/8/6 3632/8/6 3636/8/6
f 3637/8/6 3638/8/6 3641/8/6
f 3641/8/6 3638/8/6 3642/8/6
f 3639/6/6 3640/6/6 3643/6/6
f 3643/6/6 3640/6/6 3644/6/6
f 3645/6/6 3646/6/6 3649/6/6
f 3649/6/6 3646/6/6 3650/6/6
f 3647/6/6 3648/6/6 3651/6/6
f 3651/6/6 3648/6/6 3652/6/6
f 3654/6/6 3655/6/6 3656/6/6
f 3656/6/6 3655/6/6 3657/6/6
f 3652/6/6 3653/6/6 3658/6/6
f 3658/6/6 3653/6/6 3659/6/6
f 3661/8/6 3662/8/6 3663/8/6
f 3663/8/6 3662/8/6 3664/8/6
f 3659/6/6 3660/6/6 3665/6/6
f 3665/6/6 3660/6/6 3666/6/6
f 3659/6/6 3665/6/6 3667/6/6
f 3667/6/6 3665/6/6 3668/6/6
f 3668/6/6 3665/6/6 3669/6/6
f 3669/6/6 3665/6/6 3670/6/6
f 3670/6/6 3665/6/6 3671/6/6
f 3671/6/6 3665/6/6 3672/6/6
f 3673/8/6 3674/8/6 3675/8/6
f 3675/8/6 3674/8/6 3676/8/6
f 3677/6/6 3678/6/6 3679/6/6
f 3679/6/6 3678/6/6 3680/6/6
f 3681/6/6 3682/6/6 3683/6/6
f 3683/6/6 3682/6/6 3684/6/6
f 3685/6/6 3686/6/6 3689/6/6
f 3689/6/6 3686/6/6 3690/6/6
f 3687/8/6 3688/8/6 3691/8/6
f 3691/8/6 3688/8/6 3692/8/6
f 3693/6/6 3694/6/6 3697/6/6
f 3697/6/6 3694/6/6 3698/6/6
f 3695/8/6 3696/8/6 3699/8/6
f 3699/8/6 3696/8/6 3700/8/6
f 3701/6/6 3702/6/6 3705/6/6
f 3705/6/6 3702/6/6 3706/6/6
f 3699/8/6 3700/8/6 3707/8/6
f 3707/8/6 3700/8/6 3708/8/6
f 3703/8/6 3704/8/6 3709/8/6
f 3709/8/6 3704/8/6 3710/8/6
f 3711/7/6 3712/7/6 3713/7/6
f 3713/7/6 3712/7/6 3714/7/6
f 3717/8/6 3718/8/6 3719/8/6
f 3719/8/6 3718/8/6 3720/8/6
f 3715/6/6 3716/6/6 3721/6/6
f 3721/6/6 3716/6/6 3722/6/6
f 3722/8/6 3723/8/6 3727/8/6
f 3727/8/6 3723/8/6 3728/8/6
f 3725/8/6 3726/8/6 3729/8/6
f 3724/8/6 3725/8/6 3729/8/6
f 3729/8/6 3726/8/6 3730/8/6
f 3722/8/6 3727/8/6 3732/8/6
f 3731/8/6 3732/8/6 3736/8/6
f 3732/8/6 3727/8/6 3737/8/6
f 3736/8/6 3732/8/6 3737/8/6
f 3733/6/6 3734/6/6 3738/6/6
f 3735/6/6 3736/6/6 3739/6/6
f 3739/6/6 3736/6/6 3740/6/6
f 3737/8/6 3727/8/6 3741/8/6
f 3741/8/6 3727/8/6 3742/8/6
f 3728/8/6 3723/8/6 3743/8/6
f 3733/6/6 3738/6/6 3744/6/6
f 3738/6/6 3739/6/6 3744/6/6
f 3744/6/6 3739/6/6 3745/6/6
f 3741/7/6 3742/7/6 3746/7/6
f 3742/8/6 3743/8/6 3746/8/6
f 3743/8/6 3723/8/6 3747/8/6
f 3746/8/6 3743/8/6 3747/8/6
f 3747/8/6 3723/8/6 3748/8/6
f 3741/7/6 3746/7/6 3749/7/6
f 3746/7/6 3747/7/6 3749/7/6
f 3749/7/6 3747/7/6 3750/7/6
f 3751/8/6 3752/8/6 3753/8/6
f 3753/8/6 3752/8/6 3754/8/6
f 3754/8/6 3752/8/6 3755/8/6
f 3755/8/6 3752/8/6 3756/8/6
f 3757/6/6 3758/6/6 3759/6/6
f 3759/6/6 3758/6/6 3760/6/6
f 3761/6/6 3762/6/6 3763/6/6
f 3763/6/6 3762/6/6 3764/6/6
f 3767/8/6 3768/8/6 3769/8/6
f 3769/8/6 3768/8/6 3770/8/6
f 3771/8/6 3772/8/6 3776/8/6
f 3772/8/6 3773/8/6 3776/8/6
f 3776/8/6 3773/8/6 3777/8/6
f 3777/8/6 3773/8/6 3778/8/6
f 3774/6/6 3775/6/6 3779/6/6
f 3779/6/6 3775/6/6 3780/6/6
f 3765/6/6 3766/6/6 3782/6/6
f 3777/8/6 3778/8/6 3785/8/6
f 3778/8/6 3779/8/6 3785/8/6
f 3785/8/6 3779/8/6 3786/8/6
f 3781/6/6 3782/6/6 3789/6/6
f 3782/6/6 3766/6/6 3790/6/6
f 3789/6/6 3782/6/6 3790/6/6
f 3790/6/6 3766/6/6 3791/6/6
f 3786/6/6 3787/6/6 3792/6/6
f 3792/6/6 3787/6/6 3793/6/6
f 3793/6/6 3787/6/6 3794/6/6
f 3788/6/6 3789/6/6 3795/6/6
f 3789/6/6 3790/6/6 3795/6/6
f 3795/6/6 3790/6/6 3796/6/6
f 3796/6/6 3790/6/6 3797/6/6
f 3793/6/6 3794/6/6 3798/6/6
f 3795/6/6 3796/6/6 3798/6/6
f 3794/6/6 3795/6/6 3798/6/6
f 3798/6/6 3796/6/6 3799/6/6
f 3783/8/6 3784/8/6 3800/8/6
f 3800/8/6 3784/8/6 3801/8/6
f 3802/8/6 3803/8/6 3806/8/6
f 3806/8/6 3803/8/6 3807/8/6
f 3804/7/6 3805/7/6 3809/7/6
f 3809/7/6 3805/7/6 3810/7/6
f 3807/8/6 3808/8/6 3812/8/6
f 3806/8/6 3807/8/6 3812/8/6
f 3812/8/6 3808/8/6 3813/8/6
f 3813/8/6 3814/8/6 3815/8/6
f 3812/8/6 3813/8/6 3815/8/6
f 3811/8/6 3812/8/6 3815/8/6
f 3815/8/6 3814/8/6 3816/8/6
f 3816/6/6 3817/6/6 3818/6/6
f 3818/6/6 3817/6/6 3819/6/6
f 3820/8/6 3821/8/6 3822/8/6
f 3822/8/6 3821/8/6 3823/8/6
f 3824/8/6 3825/8/6 3828/8/6
f 3828/8/6 3825/8/6 3829/8/6
f 3826/6/6 3827/6/6 3833/6/6
f 3830/6/6 3831/6/6 3834/6/6
f 3834/6/6 3831/6/6 3835/6/6
f 3832/6/6 3833/6/6 3838/6/6
f 3833/6/6 3827/6/6 3839/6/6
f 3838/6/6 3833/6/6 3839/6/6
f 3839/6/6 3827/6/6 3840/6/6
f 3835/6/6 3836/6/6 3841/6/6
f 3841/6/6 3836/6/6 3842/6/6
f 3837/6/6 3838/6/6 3843/6/6
f 3838/6/6 3839/6/6 3843/6/6
f 3843/6/6 3839/6/6 3844/6/6
f 3844/6/6 3839/6/6 3845/6/6
f 3846/7/6 3847/7/6 3849/7/6
f 3848/7/6 3849/7/6 3850/7/6
f 3849/7/6 3847/7/6 3851/7/6
f 3850/7/6 3849/7/6 3851/7/6
f 3852/7/6 3853/7/6 3854/7/6
f 3854/7/6 3853/7/6 3855/7/6
f 3852/7/6 3854/7/6 3858/7/6
f 3858/7/6 3854/7/6 3859/7/6
f 3856/8/6 3857/8/6 3860/8/6
f 3860/8/6 3857/8/6 3861/8/6
f 3862/8/6 3863/8/6 3865/8/6
f 3865/8/6 3863/8/6 3866/8/6
f 3864/8/6 3865/8/6 3867/8/6
f 3867/8/6 3868/8/6 3873/8/6
f 3864/8/6 3867/8/6 3873/8/6
f 3873/8/6 3868/8/6 3874/8/6
f 3869/6/6 3870/6/6 3875/6/6
f 3875/6/6 3870/6/6 3876/6/6
f 3871/6/6 3872/6/6 3878/6/6
f 3878/6/6 3872/6/6 3879/6/6
f 3874/8/6 3875/8/6 3880/8/6
f 3876/6/6 3877/6/6 3881/6/6
f 3880/8/6 3875/8/6 3881/8/6
f 3875/6/6 3876/6/6 3881/6/6
f 3881/6/6 3877/6/6 3882/6/6
f 3882/6/6 3877/6/6 3883/6/6
f 3882/7/6 3883/7/6 3885/7/6
f 3883/6/6 3884/6/6 3886/6/6
f 3885/7/6 3883/7/6 3886/7/6
f 3886/6/6 3884/6/6 3887/6/6
f 3887/6/6 3884/6/6 3888/6/6
f 3886/7/6 3887/7/6 3889/7/6
f 3889/7/6 3887/7/6 3890/7/6
f 3890/7/6 3891/7/6 3892/7/6
f 3892/7/6 3891/7/6 3893/7/6
f 3894/7/6 3895/7/6 3896/7/6
f 3896/7/6 3895/7/6 3897/7/6
f 3894/7/6 3896/7/6 3899/7/6
f 3899/7/6 3896/7/6 3900/7/6
f 3898/7/6 3899/7/6 3901/7/6
f 3899/7/6 3900/7/6 3901/7/6
f 3901/7/6 3900/7/6 3902/7/6
f 3903/6/6 3904/6/6 3907/6/6
f 3907/6/6 3904/6/6 3908/6/6
f 3905/8/6 3906/8/6 3910/8/6
f 3910/8/6 3906/8/6 3911/8/6
f 3909/8/6 3910/8/6 3914/8/6
f 3914/8/6 3910/8/6 3915/8/6
f 3912/6/6 3913/6/6 3917/6/6
f 3917/6/6 3913/6/6 3918/6/6
f 3915/8/6 3916/8/6 3919/8/6
f 3919/8/6 3916/8/6 3920/8/6
f 3921/6/6 3922/6/6 3923/6/6
f 3923/6/6 3922/6/6 3924/6/6
f 3925/7/6 3926/7/6 3928/7/6
f 3928/7/6 3926/7/6 3929/7/6
f 3927/7/6 3928/7/6 3930/7/6
f 3930/7/6 3928/7/6 3931/7/6
f 3931/7/6 3928/7/6 3932/7/6
f 3930/8/6 3931/8/6 3933/8/6
f 3933/8/6 3931/8/6 3934/8/6
f 3935/6/6 3936/6/6 3939/6/6
f 3939/6/6 3936/6/6 3940/6/6
f 3937/7/6 3938/7/6 3941/7/6
f 3941/7/6 3938/7/6 3942/7/6
f 3943/7/6 3944/7/6 3946/7/6
f 3945/7/6 3946/7/6 3947/7/6
f 3946/7/6 3944/7/6 3948/7/6
f 3947/7/6 3946/7/6 3948/7/6
f 3948/7/6 3944/7/6 3949/7/6
f 3948/7/6 3949/7/6 3951/7/6
f 3949/6/6 3950/6/6 3952/6/6
f 3951/7/6 3949/7/6 3952/7/6
f 3952/6/6 3950/6/6 3953/6/6
f 3952/7/6 3953/7/6 3957/7/6
f 3953/6/6 3954/6/6 3958/6/6
f 3957/7/6 3953/7/6 3958/7/6
f 3958/6/6 3954/6/6 3959/6/6
f 3955/6/6 3956/6/6 3960/6/6
f 3960/6/6 3956/6/6 3961/6/6
f 3962/5/6 3963/5/6 3964/5/6
f 3964/5/6 3963/5/6 3965/5/6
f 3965/5/6 3963/5/6 3966/5/6
f 3967/1/6 3968/1/6 3969/1/6
f 3969/1/6 3968/1/6 3970/1/6
f 3971/6/6 3972/6/6 3973/6/6
f 3973/6/6 3972/6/6 3974/6/6
f 3975/6/6 3976/6/6 3981/6/6
f 3981/6/6 3976/6/6 3982/6/6
f 3977/6/6 3978/6/6 3983/6/6
f 3983/6/6 3978/6/6 3984/6/6
f 3979/6/6 3980/6/6 3985/6/6
f 3985/6/6 3980/6/6 3986/6/6
f 3987/3/6 3988/3/6 3992/3/6
f 3992/3/6 3988/3/6 3993/3/6
f 3989/1/6 3990/1/6 3996/1/6
f 3996/1/6 3990/1/6 3997/1/6
f 3991/3/6 3992/3/6 3998/3/6
f 3998/3/6 3992/3/6 3999/3/6
f 3993/2/6 3994/2/6 4000/2/6
f 4000/2/6 3994/2/6 4001/2/6
f 3995/5/6 3996/5/6 4002/5/6
f 3995/5/6 4002/5/6 4007/5/6
f 4003/5/6 4004/5/6 4008/5/6
f 4008/5/6 4004/5/6 4009/5/6
f 3995/5/6 4007/5/6 4010/5/6
f 4010/5/6 4007/5/6 4011/5/6
f 4005/5/6 4006/5/6 4012/5/6
f 4012/5/6 4006/5/6 4013/5/6
f 4014/6/6 4015/6/6 4016/6/6
f 4016/6/6 4015/6/6 4017/6/6
f 4018/6/6 4019/6/6 4022/6/6
f 4022/6/6 4019/6/6 4023/6/6
f 4020/6/6 4021/6/6 4024/6/6
f 4024/6/6 4021/6/6 4025/6/6
f 4026/3/6 4027/3/6 4031/3/6
f 4031/3/6 4027/3/6 4032/3/6
f 4028/5/6 4029/5/6 4035/5/6
f 4030/4/6 4031/4/6 4036/4/6
f 4031/3/6 4032/3/6 4037/3/6
f 4036/4/6 4031/4/6 4037/4/6
f 4032/4/6 4033/4/6 4038/4/6
f 4037/3/6 4032/3/6 4038/3/6
f 4038/4/6 4033/4/6 4039/4/6
f 4034/5/6 4035/5/6 4042/5/6
f 4035/5/6 4029/5/6 4043/5/6
f 4042/5/6 4035/5/6 4043/5/6
f 4043/5/6 4029/5/6 4044/5/6
f 4036/3/6 4037/3/6 4045/3/6
f 4037/3/6 4038/3/6 4045/3/6
f 4038/3/6 4039/3/6 4045/3/6
f 4040/5/6 4041/5/6 4046/5/6
f 4046/5/6 4041/5/6 4047/5/6
f 4043/5/6 4044/5/6 4048/5/6
f 4044/5/6 4045/5/6 4048/5/6
f 4048/5/6 4045/5/6 4049/5/6
f 4045/3/6 4039/3/6 4050/3/6
f 4049/5/6 4045/5/6 4050/5/6
f 4050/3/6 4039/3/6 4051/3/6
f 4040/5/6 4046/5/6 4052/5/6
f 4052/5/6 4046/5/6 4053/5/6
f 4048/1/6 4049/1/6 4054/1/6
f 4054/1/6 4049/1/6 4055/1/6
f 4052/1/6 4053/1/6 4056/1/6
f 4056/1/6 4053/1/6 4057/1/6
f 4058/6/6 4059/6/6 4062/6/6
f 4062/6/6 4059/6/6 4063/6/6
f 4060/6/6 4061/6/6 4064/6/6
f 4064/6/6 4061/6/6 4065/6/6
f 4066/6/6 4067/6/6 4070/6/6
f 4070/6/6 4067/6/6 4071/6/6
f 4068/6/6 4069/6/6 4072/6/6
f 4072/6/6 4069/6/6 4073/6/6
f 4074/5/6 4075/5/6 4076/5/6
f 4076/5/6 4075/5/6 4077/5/6
f 4078/5/6 4079/5/6 4082/5/6
f 4082/5/6 4079/5/6 4083/5/6
f 4080/5/6 4081/5/6 4088/5/6
f 4088/5/6 4081/5/6 4089/5/6
f 4084/10/6 4085/10/6 4090/10/6
f 4085/6/6 4086/6/6 4091/6/6
f 4090/10/6 4085/10/6 4091/10/6
f 4086/10/6 4087/10/6 4092/10/6
f 4091/6/6 4086/6/6 4092/6/6
f 4092/10/6 4087/10/6 4093/10/6
f 4090/6/6 4091/6/6 4094/6/6
f 4094/6/6 4091/6/6 4095/6/6
f 4096/6/6 4097/6/6 4100/6/6
f 4100/6/6 4097/6/6 4101/6/6
f 4098/6/6 4099/6/6 4104/6/6
f 4104/6/6 4099/6/6 4105/6/6
f 4102/6/6 4103/6/6 4109/6/6
f 4109/6/6 4103/6/6 4110/6/6
f 4106/6/6 4107/6/6 4111/6/6
f 4111/6/6 4107/6/6 4112/6/6
f 4108/6/6 4109/6/6 4113/6/6
f 4113/6/6 4109/6/6 4114/6/6
f 4115/6/6 4116/6/6 4117/6/6
f 4117/6/6 4116/6/6 4118/6/6
f 4118/6/6 4116/6/6 4121/6/6
f 4118/6/6 4121/6/6 4123/6/6
f 4121/6/6 4122/6/6 4123/6/6
f 4123/6/6 4122/6/6 4124/6/6
f 4119/6/6 4120/6/6 4125/6/6
f 4125/6/6 4120/6/6 4126/6/6
f 4118/6/6 4123/6/6 4129/6/6
f 4129/6/6 4123/6/6 4130/6/6
f 4126/6/6 4127/6/6 4131/6/6
f 4128/6/6 4129/6/6 4132/6/6
f 4126/6/6 4131/6/6 4133/6/6
f 4131/6/6 4132/6/6 4133/6/6
f 4132/6/6 4129/6/6 4134/6/6
f 4133/6/6 4132/6/6 4134/6/6
f 4135/6/6 4136/6/6 4137/6/6
f 4137/6/6 4136/6/6 4138/6/6
f 4138/6/6 4136/6/6 4139/6/6
f 4139/6/6 4136/6/6 4140/6/6
f 4138/6/6 4139/6/6 4141/6/6
f 4141/6/6 4139/6/6 4142/6/6
